Refs,Site,LakeIndex,Latitude,Longitude,LakeType,LakeArea_km2,Climate,k600_md,MeasFreq,ReportedFreq,DirectIndirect_CO2,FluxMethod,CO2_uM,n_CO2,F_CO2_mmol_m2_d,n_FCO2,F_CO2_measmod_mmol_m2_d,CH4_uM,n_CH4,F_CH4_diff_mmol_m2_d,n_FCH4diff,F_CH4_measmod_mmol_m2_d,F_CH4_eb_mmol_m2_d,n_FCH4eb,N2O_uM,n_N2O,F_N2O_mmol_m2_d,n_FN2O,F_N2O_measmod_mmol_m2_d,Temp_C,DO_mgL,pH,Cond_uScm
292,Victoria,0,-1.077,32.839,lake,67166.22,1,1.611981365,seasonal,annual,direct,modelled,10.52202978,1,-3.2,1,-3.2,0.054,1,0.041162516,1,0.041162516,,0,0.0078,1,0.000702098,1,0.000702098,25.6,,,
292,Tanganyika,1,-6.484,29.485,lake,32826.65,2,1.476942777,seasonal,annual,direct,modelled,14.55468273,1,0.8,1,0.8,0.019,1,0.013282018,1,0.013282018,,0,0.0054,1,-0.000806254,1,-0.000806254,27.1,,,
179,Malawi Lake,2,-12.9957994,34.6637298,lake,29544,2,1.407060373,monthly,annual,direct,modelled,16.20708424,5,-2.202,5,-2.202,,0,,0,,,0,,0,,0,,,,,
104; 128,Balbina; Balbina reservoir in Uatuma River,3,-1.8641985,-59.509253,reservoir,2304.63,1,0.758691209,seasonal,seasonal,direct,measured,247.5964585,2,195.1892432,2,195.1892432,9.3,1,2.1,1,2.1,,0,,0,,0,,31.5,,,
141; 53; 65; 74,Tucuru Hydroelectric Reservoir; Tucuru Reservoir; Tucuru Reservoir - U1; Tucuru Reservoir - U10; Tucuru Reservoir - U11; Tucuru Reservoir - U2; Tucuru Reservoir - U3; Tucuru Reservoir - U4; Tucuru Reservoir - U5; Tucuru Reservoir - U6; Tucuru Reservoir - U7; Tucuru Reservoir - U8; Tucuru Reservoir - U9; Tucuru reservoir,4,-4.178931885,-49.61015927,reservoir,2349.17,1,1.136802651,seasonal,seasonal,direct,measured,261.035,2,325.1502529,64,325.1502529,0.3,2,0.881654441,48,0.881654441,,0,,0,0.39971449,1,0.39971449,30.64,6.055,7.005,
17,Itaipu reservoir,5,-25.057,-54.409,reservoir,1156.44,4,1.454296903,monthly,monthly,,measured,,0,101.6248439,24,101.6248439,,0,,0,,,0,,0,,0,,,,,
1001; 1002; 1003; 1005; 1006; 1031; 1098; 1105; 1106; 1112; 1113; 1124; 1141; 1160; 1165; 1184; 1218; 1224; 201; 267; 268; 328,Lake Tai; Lake Tai-1; Lake Tai-10; Lake Tai-2; Lake Tai-3; Lake Tai-4; Lake Tai-5; Lake Tai-6; Lake Tai-7; Lake Tai-8; Lake Tai-9; Lake Tai-East bay; Lake Tai-Hangjiahu; Lake Tai-Huxi; Lake Tai-Meiliang; Lake Tai-Open lake; Lake Tai-Wuchengxiyu; Lake Tai-Wuli; Lake Tai-Yangchengdianmao; Lake Tai-Zhexi; Lake Taihu; Lake Taihu CL; Lake Taihu GH; Lake Taihu MLW; Lake Taihu NWL; Lake Taihu SWL; Taihu,6,31.2329434,120.2003698,lake,2329.14,4,1.5067096,HF,daily,indirect,measured,32.36508405,82,11.12795315,94,11.12795315,0.207498037,134,1.348935523,163,1.348935523,2.767813835,17,,0,,0,,17.84895833,7.936,8.244508197,
1038; 1069; 1071; 1088; 1123; 1141; 1159; 1193; 1224,Poyang Lake; Poyang Lake-Duchang; Poyang Lake-Nanjishan; Poyang Lake-Wucheng; Poyang Lake-Xingzi,7,29.134614,116.179037,lake,2398.32,4,1.37659269,fortnightly,fortnightly,direct,measured,28.77327625,9,31.76293283,11,31.76293283,0.190261538,13,0.767995642,97,0.767995642,,0,,0,,0,,22.97714286,6.855555556,6.923076923,
168,Tonle Sap Lake,8,12.75633,104.163652,lake,2415.98,2,1.055835788,seasonal,seasonal,direct,modelled,540.9779096,2,240,2,240,0.008648032,2,,0,0.005807973,,0,,0,,0,,,,,
292,Albert,9,1.622,30.884,lake,5526.92,2,1.296646296,seasonal,annual,direct,modelled,14.53925108,1,1.1,1,1.1,0.073,1,0.056320187,1,0.056320187,,0,0.0082,1,0.001518768,1,0.001518768,28.5,,,
169; 292; 311,Edward; L. Edward Littoral; L. Edward Pelagic; L. Edward littoral,10,-0.252096,29.836704,lake,2241.98,2,1.135300019,monthly,monthly,direct,modelled,18.3772123,73,1.8,1,1.8,0.444370667,75,0.106972246,1,0.106972246,,0,0.00738274,73,0.001116444,1,0.001116444,26.70739726,8.025522388,,878.8611111
118; 217; 218; 290; 292; 46; 49,"Ishungu Basin, Lake Kivu; Kibuye Basin, Lake Kivu; Lake Kivu; Lake Kivu Station 1; Lake Kivu Station 10; Lake Kivu Station 11; Lake Kivu Station 12; Lake Kivu Station 13; Lake Kivu Station 14; Lake Kivu Station 15; Lake Kivu Station 16; Lake Kivu Station 17; Lake Kivu Station 18; Lake Kivu Station 19; Lake Kivu Station 20; Lake Kivu Station 21; Lake Kivu Station 22; Lake Kivu Station 23; Lake Kivu Station 24; Lake Kivu Station 25; Lake Kivu Station 26; Lake Kivu Station 27; Lake Kivu Station 28; Lake Kivu Station 29; Lake Kivu Station 30; Lake Kivu Station 53; Lake Kivu Station 54; Lake Kivu Station 55; Lake Kivu Station 56; Lake Kivu Station 57; Lake Kivu Station 58; Lake Kivu Station 59; Lake Kivu Station 60; Lake Kivu Station 61; Lake Kivu Station 62; Lake Kivu Station 63; Lake Kivu Station 64; Lake Kivu Station 65; Lake Kivu Station 7; Lake Kivu Station 8; Lake Kivu Station 9; Lake Kivu: Northern Basin of Gisenyi",11,-2.106690556,29.05741433,lake,2400.88,2,1.277810792,monthly,monthly,direct,measured,50.78865038,60,13.764,5,13.764,4.714425473,85,0.1864,22,0.1864,,0,0.007103043,23,0.000638,20,0.000638,24.09707059,8.590149167,8.886875,1216.327869
292; 45,Mai Ndombe; Mai-Ndombe Lake,12,-2.375805,18.2742,lake,2316.21,1,0.98032129,seasonal,annual,direct,modelled,94.31618839,2,60.2,1,60.2,0.25,2,0.177266165,1,0.177266165,,0,0.022,1,0.0121,1,0.0121,30.3,,,
54; 77,Lake Kariba - close to dam wall - artificial reservoir - surface; Lake Kariba: Charara Bay; Lake Kariba: Charara River; Lake Kariba: Gache Gache Bay; Lake Kariba: Gache Gache River; Lake Kariba: Lufua River,13,-16.62972308,28.78652615,reservoir,5276.89,3,1.457749567,seasonal,seasonal,direct,measured,24.8288166,4,,0,10.47942656,,0,40.10286783,4,40.10286783,33.42394015,5,,0,,0,,,,,
102,Lake Apopka,14,28.617,-81.633,lake,123.31,4,1.48771533,seasonal,seasonal,direct,undefined,6.248098836,9,,0,-14.11530667,,0,,0,,,0,,0,,0,,24.03333333,,9.017777778,
214,"Itaparica hydropower reservoir, deep bay; Itaparica hydropower reservoir, littoral bay; Itaparica hydropower reservoir, main-stream",15,-8.817274,-38.417239,reservoir,687.51,3,1.266801289,seasonal,annual,direct,measured,74.66666667,3,239.3084117,3,239.3084117,5.333333333,3,10.13792912,3,10.13792912,0.022201871,3,,0,,0,,,6.7,7.566666667,
158; 215,Serra da Mesa; Serra da Mesa hydroelectric reservoir,16,-13.93731986,-48.31243043,reservoir,922.61,2,1.053863738,seasonal,seasonal,,measured,,0,154.1506,7,154.1506,,0,0.825552767,7,0.825552767,,0,,0,,0,,29.68,,7.51,
158,Trs Marias,17,-18.219825,-45.263104,reservoir,799.76,2,0.936649955,seasonal,seasonal,,measured,,0,58.21517775,4,58.21517775,,0,0.617767047,4,0.617767047,,0,,0,,0,,,,,
215,Itumbiara hydroelectric reservoir,18,-18.319979,-48.950345,reservoir,333.17,2,1.14282949,seasonal,seasonal,,measured,,0,116.314767,3,116.314767,,0,1.192795493,3,1.192795493,,0,,0,,0,,27.05333333,,7.025,
212; 216,Mascarenhas de Moraes hydroelectric reservoir; Peixoto Reservoir,19,-20.27555557,-47.05666667,reservoir,250.1,2,1.129640791,seasonal,seasonal,direct,modelled,151.9217557,3,13,1,13,0.068890274,2,,0,0.075773478,,0,,0,,0,,22.52,8.33,,
212; 215; 216; 67,Furnas Hydroelectrical Reservoir S1-I; Furnas Hydroelectrical Reservoir S1-R; Furnas Hydroelectrical Reservoir S2-F; Furnas Hydroelectrical Reservoir S2-I; Furnas Hydroelectrical Reservoir S2-R; Furnas Hydroelectrical Reservoir S3-F; Furnas Hydroelectrical Reservoir S3-I; Furnas Hydroelectrical Reservoir S3-R; Furnas Hydroelectrical Reservoir S4-F; Furnas Hydroelectrical Reservoir S4-I; Furnas Hydroelectrical Reservoir S4-R; Furnas Reservoir; Furnas hydroelectric reservoir,20,-20.69607035,-46.05862412,reservoir,928.08,4,1.110316129,seasonal,seasonal,direct,measured,200.7933928,3,24.50168595,4,24.50168595,0.148043353,13,0.529731467,14,0.529731467,26.42830424,10,,0,,0,,23.402,8.33,7.295,
1,"Promisso reservoir, site PRO-DAM; Promisso reservoir, site PRO-MID; Promisso reservoir, site PRO-UPS",21,-21.316667,-49.766667,reservoir,511.18,2,1.365517549,seasonal,seasonal,,measured,,0,-0.058333333,6,-0.058333333,,0,0.346666667,6,0.346666667,,0,,0,0.015,6,0.015,25,,8.141666667,
1,"Barra Bonita reservoir, site BB-DAM; Barra Bonita reservoir, site BB-MID; Barra Bonita reservoir, site BB-UPS",22,-22.516667,-48.533333,reservoir,209.62,2,1.247907034,seasonal,seasonal,,measured,,0,0.09,6,0.09,,0,0.855,6,0.855,,0,,0,0.485,6,0.485,24.04666667,,7.546666667,
334,Bonete,23,-32.688379,-56.017988,reservoir,718.48,4,1.804196517,monthly,monthly,,measured,,0,64,2,64,,0,0.165,2,0.165,,0,,0,-0.025,2,-0.025,,,,
334,Palmar,24,-33.122525,-57.250311,reservoir,220.93,4,1.623375256,monthly,monthly,,measured,,0,-29.05,2,-29.05,,0,0.3,2,0.3,,0,,0,0.01,2,0.01,,,,
94,Lake Kinneret,25,32.790955,35.588314,lake,162.06,,1.365526455,monthly,monthly,,measured,,0,,0,,,0,,0,,2.655,20,,0,,0,,,,,
138,Danjiangkou Reservoir,26,32.74,111.57,reservoir,286.45,4,0.804841659,seasonal,annual,indirect,modelled,18.24503732,1,9,1,9,,0,,0,,,0,,0,,0,,29,,,
1008; 1085; 1127; 1141; 1147; 1174; 1197; 1213; 1224; 134; 281,Chao Lake; Chaohu Lake- C1; Chaohu Lake- C2; Chaohu Lake- C3; Chaohu Lake- C4; Chaohu Lake- C5; Chaohu Lake- C6; Chaohu Lake- C7; Lake Chaohu 1; Lake Chaohu 10; Lake Chaohu 11; Lake Chaohu 12; Lake Chaohu 13; Lake Chaohu 14; Lake Chaohu 15; Lake Chaohu 16; Lake Chaohu 17; Lake Chaohu 18; Lake Chaohu 19; Lake Chaohu 2; Lake Chaohu 20; Lake Chaohu 3; Lake Chaohu 4; Lake Chaohu 5; Lake Chaohu 6; Lake Chaohu 7; Lake Chaohu 8; Lake Chaohu 9; Zhongmiao,27,31.56726784,117.4810806,lake,786.91,4,1.445014703,daily,daily,direct,measured,35.59552636,21,1.165461302,38,1.165461302,0.295494595,37,10.42635312,55,10.42635312,3.11962,12,0.272030967,26,0.123374073,26,0.123374073,20.43529412,10.72175925,8.483157895,
1141; 1224,Ge Lake,28,31.63,119.84,lake,161.56,4,1.3927113,single,single,direct,measured,31.4,1,17.25904731,2,17.25904731,0.48,1,9.676620449,2,9.676620449,,0,,0,,0,,27.55,7.82,8.5,
1085,Xiangcheng,29,31.485466,120.783346,reservoir,124.24,4,1.555668064,seasonal,annual,indirect,undefined,186.8816361,1,,0,250.6724131,,0,,0,,,0,,0,,0,,,,7.4,
1016; 1017; 1027; 1034; 1035; 1037; 1045; 1052; 1055; 1057; 1063; 1066; 1074; 1083; 1093; 1101; 1104; 1152; 1158; 1162; 1171; 1190; 1194; 1210; 1217; 325; 333,"Badong; Baidicheng; Baisuixi; Caotang; Changshou; Dongpo; Fengdu; Fengjie; Fuling; Guizhou; Guojiaba; Hanjiawan; Jichuanqiao; Kaixian; Majiashan; Maoping; Megutuo; Meixi; Mudong; Qingxizhen; Taipingxizhen; Three Gorges Dam (Daning Bay)	CJDN; Three Gorges Dam (Daning Bay)	DN01; Three Gorges Dam (Daning Bay)	DN02; Three Gorges Dam (Daning Bay)	DN03; Three Gorges Dam (Daning Bay)	DN04; Three Gorges Dam (Pengxi Bay)	CJPX; Three Gorges Dam (Pengxi Bay)	PX01; Three Gorges Dam (Pengxi Bay)	PX02; Three Gorges Dam (Pengxi Bay)	PX03; Three Gorges Dam (Pengxi Bay)	PX04; Three Gorges Dam (Pengxi Bay)	PX05; Three Gorges Dam (Shengnong Bay)	CJSN; Three Gorges Dam (Shengnong Bay)	SN01; Three Gorges Dam (Shengnong Bay)	SN02; Three Gorges Dam (Shengnong Bay)	SN03; Three Gorges Dam (Xiangxi Bay)	CJXX; Three Gorges Dam (Xiangxi Bay)	XX01; Wanzhou; Wushan; Xiangxi; Xiaojiang; Yaojiaba; Yunyang; Zhongxian; Zhuyi; Zigui; Zipingpu (All-autumn); Zipingpu (All-spring); Zipingpu (All-summer); Zipingpu (All-winter); Zipingpu (Ds); Zipingpu (Laz); Zipingpu (Riz); Zipingpu (Trz); Zipingpu (Z1); Zipingpu (Z2)",30,30.58405765,108.7618571,reservoir,852.97,4,1.00204038,fortnightly,fortnightly,direct,measured,71.0241343,183,114.8638399,307,114.8638399,0.250144908,115,1.222173842,280,1.222173842,,0,,0,,0,,20.84049721,7.933154504,7.964383554,
1085,Xijiakou,31,30.416,112.482,reservoir,128.23,4,1.162705626,seasonal,annual,indirect,undefined,30.862714,1,,0,15.0231122,,0,,0,,,0,,0,,0,,,,8.1,
1141,Liangzi Lake,32,30.25,114.52,lake,302.36,4,1.239079586,single,single,,measured,,0,-9.270620314,1,-9.270620314,,0,1.735660848,1,1.735660848,,0,,0,,0,,29.6,,8.9,
1141,Longgan Lake,33,29.93,116.16,lake,302.31,4,1.303529776,single,single,,measured,,0,40.73619632,1,40.73619632,,0,3.456359102,1,3.456359102,,0,,0,,0,,27.2,,7.6,
1141; 1224,Hong Lake,34,29.83,113.33,lake,215.13,4,1.209830226,single,single,direct,measured,51.37,1,43.19159155,2,43.19159155,0.68,1,40.98270224,2,40.98270224,,0,,0,,0,,18.8,3.05,7.2,
1014; 1084; 1095; 1207; 252; 274; 275; 337,NEP1; NEP2; NEP3; NEP4; NEP5; NWD1; NWD2; NWD3; Qiandao; SEP.1; SEP.2; SEP.3; SEP.4; SEP.5; SWP1; SWP2; SWP3; SWP4; SWP5; Xin'anjiang; Xin'anjiang Reservoir; Xinanjiang Reservoir,35,29.57075437,118.9624501,reservoir,424.57,4,1.385293525,monthly,monthly,direct,measured,607.6125899,49,485.6302577,29,485.6302577,,0,0.924546057,245,0.924546057,,0,,0,0.028311635,15,0.028311635,19.80428571,,7.6,
1091,Zhelin,36,29.216,115.49,reservoir,201.81,4,1.270061085,single,single,,modelled,,0,-0.078875066,1,-0.078875066,,0,0.007417443,1,0.007417443,,0,,0,,0,,31,,7.9,
176,Rana Pratan Sagar,37,24.84616,75.606926,reservoir,171.42,3,1.112948059,single,single,,undefined,,0,,0,,0.18,1,,0,0.185145758,,0,0.02924,1,,0,0.029833506,,,,
1010; 1053; 1085,Dian Lake; Dian Lake-1; Dian Lake-2; Dian Lake-3; Dian Lake-4; Dian Lake-5; Haigeng,38,24.94962275,102.6651205,lake,298.34,5,1.229381908,seasonal,seasonal,indirect,measured,40.80366904,1,-35.84714012,1,-35.84714012,,0,0.157904662,11,0.157904662,,0,,0,,0,,10.3,,8.35,
1008; 1122; 1191; 1200; 1201,Fuxian Lake,39,24.409,102.845,lake,215.37,5,1.200927444,seasonal,seasonal,indirect,measured,20.30082176,12,8.886148603,5,8.886148603,0.050433333,9,0.041882719,9,0.041882719,,0,,0,,0,,18.73846154,7.65,8.766923077,
177,"Rihand, Uttar Pradesh Reservoir",40,24.130552,82.89937,reservoir,398.8,4,0.987820937,seasonal,seasonal,,undefined,,0,,0,,0.0028,1,,0,1.09E-05,,0,,0,,0,,,,,
1108,Xinfengjiang,41,23.81,114.588,reservoir,264.53,4,1.128449662,seasonal,seasonal,,modelled,,0,22.035,2,22.035,,0,,0,,,0,,0,,0,,23.2,8.11,7.69,
176,Sardar Sarovar,42,21.830045,73.769844,reservoir,103.22,2,1.179858301,single,single,,undefined,,0,,0,,0.06,1,,0,0.063366755,,0,0.00901,1,,0,0.009426824,,,,
176,Hirakud,43,21.57256,83.822891,reservoir,500.81,2,1.002897493,single,single,,undefined,,0,,0,,0.04,1,,0,0.035033461,,0,0.009525,1,,0,0.008493336,,,,
176,Ukai,44,21.245248,73.643512,reservoir,370.3,2,1.210619371,single,single,,undefined,,0,,0,,0.03,1,,0,0.030925058,,0,0.01266,1,,0,0.013782514,,,,
59,Nam Ngum Reservoir,45,18.531451,102.64831,reservoir,436.93,1,0.984256257,seasonal,seasonal,direct,measured,75,1,-22.4,3,-22.4,0.1,1,0.3,3,0.3,,0,,0,,0,,30,7.5,7.333333333,88.33333333
176,Nagarjuna Sagar,46,16.56456,79.24298,reservoir,195.9,3,1.106182967,single,single,,undefined,,0,,0,,0.011,1,,0,0.008527256,,0,0.01058,1,,0,0.010453495,,,,
176,Sri Sailam,47,16.145212,78.87468,reservoir,536.42,3,1.209565713,single,single,,undefined,,0,,0,,0.0565,1,,0,0.060988107,,0,0.00798,1,,0,0.008505405,,,,
169; 292,George,48,-0.01185,30.2081,lake,260.7,2,1.25400794,seasonal,annual,direct,modelled,1.115304745,1,-9.4,1,-9.4,0.1815,2,0.092827705,1,0.092827705,,0,0.0054,1,-0.0011,1,-0.0011,25.8,,,
292,Tumba,49,-0.776,18.014,lake,744.89,1,0.899174414,seasonal,annual,direct,modelled,56.79132655,1,29,1,29,0.066,1,0.042073688,1,0.042073688,,0,0.0141,1,0.005375976,1,0.005375976,28.2,,,
54,ITT reservoir - close to dam wall - artificial reservoir - surface,50,-15.7604,26.00649,reservoir,328.54,4,1.576651482,seasonal,seasonal,direct,undefined,36.91295641,4,,0,29.43356183,,0,,0,,,0,,0,,0,,,,,
292,Kamohonjo,51,-16.156,45.831,lake,154.74,2,1.342199228,seasonal,annual,direct,modelled,15.98910473,1,7.6,1,7.6,0.874,1,1.053412418,1,1.053412418,,0,0.0053,1,0.000483075,1,0.000483075,35.9,,,
292,Alaotra,52,-17.476,48.521,lake,172.56,2,1.218549164,seasonal,annual,direct,modelled,78.50505287,1,32.1,1,32.1,0.033,1,0.021844935,1,0.021844935,,0,0.0065,1,-0.000637003,1,-0.000637003,23.6,,,
173,lake Wivenhoe,53,-27.331024,152.568873,reservoir,102.82,4,1.534831209,seasonal,seasonal,,measured,,0,,0,,0.113858499,4,0.170331176,4,0.170331176,,0,,0,,0,,22.95,11.0125,7.875,
324,Valle de Bravo,54,19.193654,-100.153859,reservoir,17.02,5,1.070890852,monthly,monthly,direct,measured,,0,21.61666667,3,21.61666667,0.132,1,0.3815625,4,0.3815625,,0,,0,,0,,20.6025,,8.2975,
103; 104; 105; 106; 210; 3; 5; 62; 76; 97,"Petit Saut; Petit Saut - all open waters; Petit Saut - all openwaters; Petit Saut - all stations; Petit Saut - roche genipa station; Petit Saut Reservoir; Petit Saut reservoir; Petit Saut reservoir, site Crique Bonne Nouvelle (CBN); Petit Saut reservoir, site Fort inonde (FI); Petit Saut reservoir, site Petit Saut Boue (BPS); PetitSaut 1; PetitSaut 10; PetitSaut 11; PetitSaut 12; PetitSaut 13; PetitSaut 14; PetitSaut 15; PetitSaut 16; PetitSaut 17; PetitSaut 18; PetitSaut 19; PetitSaut 2; PetitSaut 20; PetitSaut 21; PetitSaut 22; PetitSaut 23; PetitSaut 24; PetitSaut 25; PetitSaut 26; PetitSaut 27; PetitSaut 28; PetitSaut 29; PetitSaut 3; PetitSaut 30; PetitSaut 31; PetitSaut 32; PetitSaut 33; PetitSaut 34; PetitSaut 35; PetitSaut 36; PetitSaut 37; PetitSaut 38; PetitSaut 39; PetitSaut 4; PetitSaut 40; PetitSaut 41; PetitSaut 42; PetitSaut 43; PetitSaut 44; PetitSaut 5; PetitSaut 6; PetitSaut 7; PetitSaut 8; PetitSaut 9",55,4.959007396,-53.0332404,reservoir,41.57,1,0.960649561,monthly,seasonal,direct,measured,68.75832292,66,240.9299309,20,240.9299309,193.234294,145,28.86281903,31,28.86281903,4209.756648,31,,0,0.11225,4,0.11225,26.8766,5.782045455,6.393181818,25.3025
190; 89,Curua-Un; Curu-Una Reservoir,56,-2.8499924,-54.345356,reservoir,64.67,1,0.861904885,seasonal,seasonal,direct,measured,27.90689034,2,176.6231871,5,176.6231871,0.012711656,2,1.16587295,5,1.16587295,3.940832015,3,,0,,0,,29.305,6.375,,
104; 141,Samuel; Samuel reservoir,57,-8.762177,-63.433759,reservoir,54.07,1,2.457854372,seasonal,seasonal,direct,measured,151.7504365,1,927.2806594,2,927.2806594,1.9,1,3.178544667,2,3.178544667,,0,,0,0.685224839,1,0.685224839,30,,,
216,Manso hydroelectric reservoir,58,-14.8666667,-55.75,reservoir,49.39,2,0.923822702,seasonal,seasonal,direct,modelled,40.45012043,2,20.5,2,20.5,,0,,0,,,0,,0,,0,,,,,
203,Corumba,59,-17.769725,-48.559591,reservoir,38.83,2,1.044068621,single,single,,measured,,0,,0,,,0,89.91757556,1,89.91757556,,0,,0,,0,,,,,
212; 216,Estreito Reservoir; Luiz Carlos Barreto de Carvalho hydroelectric reservoir,60,-20.15291967,-47.27389233,reservoir,42.5,2,1.068541903,seasonal,seasonal,direct,modelled,44.26962983,3,23,1,23,0.059850374,2,,0,0.061180262,,0,,0,,0,,21.84,7.4,,
1,"lbitinga reservoir, site IB-DAM; lbitinga reservoir, site IB-UPS",61,-21.766667,-48.983333,reservoir,91.59,2,1.255416142,seasonal,seasonal,,measured,,0,-0.08,4,-0.08,,0,0.7325,4,0.7325,,0,,0,0.045,4,0.045,25.455,,8.3925,
144; 187; 190; 216,Funil Reservoir; Funil hydroelectric reservoir; Funil reservoir; Funil reservoir - Lacustrine Zone; Funil reservoir - Riverine Zone; Funil reservoir - Transition Zone; Furnas Reservoir,62,-22.53364811,-44.58787663,reservoir,29.97,4,0.980534477,seasonal,seasonal,direct,measured,22.46405557,10,5.851875,16,5.851875,0.019404423,4,0.81,4,0.81,15.78830516,3,,0,,0,,23.23714286,4.98,,
331,Guarapiranga,63,-23.723181,-46.73316,reservoir,23.64,5,1.125034071,monthly,monthly,,measured,,0,,0,,,0,24.79350686,4,24.79350686,,0,,0,,0,,,,,
151; 37,Rio Grande reservoir - eutrophic stations; Rio Grande reservoir - hypereutrophic stations; S1 dry; S1 wet; S2 dry; S3 dry and wet,64,-23.73624517,-46.45338867,reservoir,99.72,5,1.30301929,seasonal,seasonal,,measured,,0,6.904781728,6,6.904781728,,0,122.120348,6,122.120348,,0,,0,,0,,23.72,8.2975,8.245,143.6
176; 177,"Bhakra- Nangal; Bhakra-Nangal, Himachal Pradesh Reservoir",65,31.4138425,76.460601,reservoir,91.94,4,0.902740627,seasonal,seasonal,,undefined,,0,,0,,0.4,2,,0,0.336613418,,0,0.01123,1,,0,0.009076722,,,,
1141,Gucheng Lake,66,31.29,118.94,lake,30.74,4,1.312353289,single,single,,measured,,0,13.41513292,1,13.41513292,,0,9.082294264,1,9.082294264,,0,,0,,0,,29.7,,7.9,
1033; 1141,Dianshan Lake; Dianshan Lake-1; Dianshan Lake-2; Dianshan Lake-3; Dianshan Lake-4; Dianshan Lake-5; Dianshan Lake-6; Dianshan Lake-7; Dianshan Lake-8; Dianshan Lake-9,67,31.1316021,120.9936805,lake,62.19,4,1.42166437,single,single,direct,measured,61.58968192,9,35.67861622,10,35.67861622,,0,20.79800499,1,20.79800499,,0,,0,,0,,30.792,6.268888889,7.669,
322,Zhanghe,68,31.0794596,111.9613076,reservoir,20.8,4,1.073374227,monthly,monthly,direct,modelled,53.06663322,22,176.83911,22,176.83911,0.702741579,22,2.584284274,22,2.584284274,,0,0.009994033,22,-0.000512458,22,-0.000512458,19.56818182,9.466411377,8.346045455,318.6363636
1141,Baidang Lake,70,30.81095,117.374538,lake,37.52,4,1.269602019,single,single,,measured,,0,-1.695978187,1,-1.695978187,,0,0.216957606,1,0.216957606,,0,,0,,0,,30.7,,8.5,
1141; 1224,Caizi Lake,71,30.78,117.12,lake,71.47,4,1.275293949,single,single,direct,measured,26.2,1,3.089053033,2,3.089053033,0.28,1,0.40921197,2,0.40921197,,0,,0,,0,,23.8,7.32,7.3,
1016; 1035; 1037,Huanglingmiao; Sandouping; Xilingqiao; Yichang; Zigui,72,30.82786667,111.0716,reservoir,52.42,4,1.105991439,monthly,monthly,,measured,,0,121.7046022,18,121.7046022,,0,0.567373333,30,0.567373333,,0,,0,,0,,18.83831522,7.087847755,7.92625,
1141; 269; 270,East Lake; Lake Donghu,73,30.55,114.3806231,lake,24.28,4,1.144404745,fortnightly,fortnightly,,measured,,0,20.68521488,5,20.68521488,,0,17.89891751,26,17.89891751,,0,,0,,0,,30.01363636,7.3525,8.7,
1090; 1116,Geheyan,74,30.42,111.117,reservoir,40.9,4,1.072576891,monthly,monthly,,measured,,0,111.2829906,12,111.2829906,,0,,0,,,0,,0,,0,,,,,
176; 35,Ganges_G2; Tehri,75,30.405168,78.4696735,reservoir,18.89,4,2.062361673,seasonal,annual,direct,modelled,,0,,0,,0.018,2,-0.316709683,1,-0.316709683,,0,0.009145,2,0.013097787,1,0.013097787,28,8.8,8.66,86
1191,Sancha,76,30.2598,104.27379,lake,35.54,4,0.875098518,single,single,,undefined,,0,,0,,0.0612,1,,0,0.047984784,,0,,0,,0,,,,,
1007,Biandan Pond,77,30.25,114.716,reservoir,44.5,4,1.181221952,single,single,,measured,,0,88.98509699,3,88.98509699,,0,1.751727583,3,1.751727583,,0,,0,,0,,7.67,,8.326666667,
1207,Qingshan,78,30.239,119.78,reservoir,12.27,4,1.20469097,single,single,indirect,modelled,43.6091677,1,36.7,1,36.7,,0,,0,,,0,,0,,0,,20.3,,8.2,
1224,Daye Lake,79,30.102,115.094,lake,60.73,4,1.214084564,single,single,direct,modelled,33.13,1,10.3728,1,10.3728,0.26,1,1.4976,1,1.4976,,0,,0,,0,,14.6,8.26,,
254,site4,80,30.004567,106.968039,reservoir,12.97,4,0.888492972,seasonal,annual,indirect,modelled,29.24054978,1,11.6,1,11.6,1.26,1,0.27,1,0.27,,0,0.018,1,0.029,1,0.029,,,,
1152,Shizitan,81,29.949,107.3,reservoir,29.23,4,0.904885483,seasonal,seasonal,direct,measured,40.57333333,3,16.9,3,16.9,0.076033333,3,0.06921,3,0.06921,,0,,0,,0,,20.6,,,
1224,Chi Lake,82,29.788,115.705,lake,36.26,4,1.196834006,single,single,direct,modelled,30.67,1,35.6976,1,35.6976,0.26,1,1.2288,1,1.2288,,0,,0,,0,,14.7,7.02,,
1207,Fuchunjiang,83,29.624,119.613,reservoir,45.21,4,1.307051111,single,single,indirect,modelled,220.4561647,1,276.9,1,276.9,,0,,0,,,0,,0,,0,,18.7,,7.1,
1141,Datong Lake,84,29.2,112.52,lake,80.79,4,1.150278614,single,single,,measured,,0,15.26925699,1,15.26925699,,0,8.004987531,1,8.004987531,,0,,0,,0,,27.4,,8.1,
1207,Hunanzhen,85,28.582,118.993,reservoir,44.02,4,1.199859081,single,single,indirect,modelled,366.1248202,1,252.2,1,252.2,,0,,0,,,0,,0,,0,,19.1,,6.8,
1191,Qionghai Lake,86,27.841,102.2799,lake,25.85,4,1.02502699,single,single,,undefined,,0,,0,,0.39,1,,0,0.372589127,,0,,0,,0,,,,,
1091,Xiannv,87,27.728,114.791,reservoir,32.49,4,1.135561032,single,single,,modelled,,0,-1.183125994,1,-1.183125994,,0,0.058809727,1,0.058809727,,0,,0,,0,,34.8,,8.7,
1191,Lugu Lake,88,27.7093,100.778,lake,50.03,5,1.216508399,single,single,,undefined,,0,,0,,0.309,1,,0,0.349690081,,0,,0,,0,,,,,
1091,Hongmen,89,27.475,116.725,reservoir,34.89,4,1.135590449,single,single,,modelled,,0,2.760627319,1,2.760627319,,0,0.045829202,1,0.045829202,,0,,0,,0,,32.7,,8.5,
1099; 1100; 1154,Wujiangdu,90,27.27,106.61,reservoir,32.26,4,1.01430723,seasonal,seasonal,indirect,modelled,82.32706466,42,145.15075,36,145.15075,,0,,0,,,0,,0,,0,,18.98571429,9.25452381,7.992619048,
1191,Caohai Lake,91,26.84659,104.25954,lake,21.1,5,1.246886194,single,single,,undefined,,0,,0,,0.637,1,,0,0.742347835,,0,,0,,0,,,,,
1100; 1154,Dongfeng,92,26.817936,106.122607,reservoir,20.93,4,0.999947457,seasonal,seasonal,indirect,modelled,73.88646912,36,131.3158333,36,131.3158333,,0,,0,,,0,,0,,0,,18.28611111,9.864722222,8.028888889,
1018,Ertan,93,26.825069,101.775895,reservoir,65.43,4,1.027087295,seasonal,seasonal,,measured,,0,,0,,,0,0.178716896,22,0.178716896,,0,,0,,0,,,,,
1015; 1157; 153,Baihua; Baihua reservoir,94,26.652036,106.512528,reservoir,11.81,4,1.022343434,monthly,monthly,,measured,,0,17.96791444,12,17.96791444,0.226966667,9,0.16915,6,0.16915,,0,,0,,0,,18.215,12.2225,8.42,
1145,Gutian,95,26.6,118.8,reservoir,10.77,4,1.087617903,seasonal,seasonal,,modelled,,0,,0,,0.17,3,0.13856,3,0.13856,,0,,0,,0,,,,7.53,
1085; 1191,Chenghai Lake; Hekoujie,96,26.515825,100.65769,lake,74.75,4,1.03696772,seasonal,annual,indirect,undefined,30.77952609,1,,0,13.31652726,0.134,1,,0,0.127727474,,0,,0,,0,,,,9,
1015; 1041; 1061; 1081; 1103; 1154; 153,Hongfeng; Hongfeng reservoir,97,26.47456166,106.3905047,reservoir,43.39,4,1.063857241,fortnightly,fortnightly,indirect,modelled,52.90918794,138,62.54525821,143,62.54525821,0.6,3,,0,0.606422703,,0,,0,,0,,18.62858894,8.566031376,8.330474547,
1021; 1097,Wan'an,98,26.389,114.867,reservoir,67.54,4,1.137517751,seasonal,seasonal,,modelled,,0,45.45921818,55,45.45921818,,0,,0,,,0,,0,,0,,,,,
273,S1; S4; S7,99,26.33358167,118.7473033,reservoir,56.2,4,1.125034735,seasonal,seasonal,indirect,modelled,106.89,8,44.49583333,12,44.49583333,,0,,0,,,0,,0,,0,,,,,
1091,Doushui,100,25.834,114.401,reservoir,19.42,4,1.086089415,single,single,,modelled,,0,0.683583908,1,0.683583908,,0,0.009801621,1,0.009801621,,0,,0,,0,,30.3,,6.4,
1177,Yangzonghai,101,24.914,103.009,lake,30.55,5,1.119670567,single,single,,modelled,,0,,0,,0.14,1,0.03312,1,0.03312,,0,,0,,0,,,,,
301,Loktak Lake,102,24.552471,93.7928,lake,58.3,4,0.872035283,seasonal,seasonal,,measured,,0,,0,,,0,,0,,,0,,0,7.38E-06,3,7.38E-06,,,,
176,Rihand,103,24.416317,82.977996,reservoir,14.21,4,0.893180384,single,single,,undefined,,0,,0,,0.0025,1,,0,-0.000241684,,0,0.00862,1,,0,0.006812333,,,,
1191,Nebula Lake,104,24.33332,102.77975,lake,34.08,5,1.126620295,single,single,,undefined,,0,,0,,0.244,1,,0,0.255107004,,0,,0,,0,,,,,
1191,Qilu Lake,105,24.165,102.78,lake,36.12,5,1.123825376,single,single,,undefined,,0,,0,,0.224,1,,0,0.233374488,,0,,0,,0,,,,,
1064; 133; 199; 329,Dalongdong; Dalongdong Reservoir,106,23.58973826,108.5880651,reservoir,14.23,4,1.016612591,subdaily,monthly,indirect,measured,52.42911253,1,1326.609287,19,1326.609287,,0,0.339688619,1,0.339688619,,0,,0,,0,,26.68333333,9.487142857,8.201428571,
1032,Tsengwen,107,23.256947,120.554842,reservoir,11.86,4,1.226233758,seasonal,seasonal,,measured,,0,7.075736131,9,7.075736131,,0,0.495101712,9,0.495101712,,0,,0,,0,,28.23333333,,,
176; 177,"Koyna; Koyna,  Maharashtra Reservoir",108,17.473662,73.779697,reservoir,86.85,2,1.161611475,seasonal,seasonal,,undefined,,0,,0,,0.1137,3,,0,0.120944135,,0,0.0083,1,,0,0.008513936,,,,
176; 177,"Supa; Supa, Karnataka Reservoir",109,15.307319,74.43877967,reservoir,89.71,1,1.162912061,seasonal,seasonal,,undefined,,0,,0,,0.087466667,3,,0,0.092441285,,0,0.00806,1,,0,0.008263877,,,,
176; 177,"Selaulim, Goa Reservoir; Selaulium",110,15.193142,74.1857845,reservoir,14.33,1,1.214679987,seasonal,seasonal,,undefined,,0,,0,,0.1901,2,,0,0.213586231,,0,0.00863,1,,0,0.009275725,,,,
139,Mun River- S9 - Lamtakong reservoir,111,14.80230833,101.5279667,reservoir,26.89,2,0.902412884,single,single,indirect,modelled,17.87579276,1,,0,5.696622282,,0,11,1,11,,0,,0,,0,,28.8,11.8,8.5,344.3
139,Mun River- S2 - Mun Bon reservoir,112,14.469814,102.127136,reservoir,16.09,2,0.881027329,single,single,indirect,modelled,129.8003807,1,,0,126.2409502,,0,221,1,221,,0,,0,,0,,28.3,7.2,7,72.5
176; 177,Idukki; Idukki Kerala Reservoir,113,9.79025925,76.95745775,reservoir,39.08,1,1.140219025,seasonal,seasonal,,undefined,,0,,0,,0.107975,4,,0,0.112588928,,0,0.0166,1,,0,0.017159496,,,,
208; 235,Batang Ai Reservoir- downstream; Batang Ai Reservoir- hypoxic hypolimnion; Batang Ai Reservoir- mixed; Batang Ai Reservoir- oxic hypolimnion; Batang Ai Reservoir- upstream; E1; E2; E3; E4; E5; E6; P1; P11; P12; P13; P14; P2; P3; P4; P5; P6; P7; P8; P9; S1; S10; S11; S12; S13; S14; S15; S16; S17; S18; S19; S2; S20; S21; S22; S23; S24; S25; S26; S27; S28; S29; S3; S30; S31; S32; S33; S4; S5; S6; S7; S8; S9; SJ,114,1.179914454,111.9059731,reservoir,68.62,1,0.82606204,seasonal,seasonal,direct,measured,31.37763058,167,14.98438714,143,14.98438714,2.803906666,177,2.950185326,143,2.950185326,26.14093333,6,,0,,0,,30.13353659,7.038025894,,
183; 50,Gitaru 1; Gitaru Exit; Gitaru Inlet; Gitaru1; GitaruExit; GitaruInlet; GitaruIntake; Kamburu1; KamburuExit; KamburuInlet; KamburuIntake; Masinga 1; Masinga Bridge; Masinga Inlet; Masinga Mid; Masinga reservoir; Masinga1; Masinga3; Masinga4; MasingaBridge; MasingaInlet; MasingaIntake; MasingaMid; MasingaMilani; SaganaBridge,115,-0.89744841,37.48626243,reservoir,69.71,2,1.392868503,fortnightly,fortnightly,indirect,undefined,12.57514977,4,,0,-6.152052287,0.761307272,359,,0,0.995691415,,0,0.008894886,355,,0,0.01102627,30.7,111.25,8.235,
154,Lake Batur Drought; Lake Batur Dry; Lake Batur Wet; Lake Batur Wet transition,116,-8.25888,115.40825,lake,15.91,2,1.291076212,seasonal,seasonal,direct,modelled,8.844698208,4,-2.8,4,-2.8,,0,,0,,,0,,0,,0,,25.825,9.683675419,,1995.45
271; 332,University Lake,117,30.41360567,-91.16648917,reservoir,1.06,4,1.138777066,HF,daily,direct,modelled,25.89389439,48,4.352176456,46,4.352176456,,0,,0,,,0,,0,,0,,18.75,8.15,7.775,
7,lago de guadalupe,118,19.630509,-99.259286,reservoir,3.58,5,1.109930964,seasonal,seasonal,,measured,,0,94.98,3,94.98,,0,31.50666667,3,31.50666667,70,3,,0,,0,,18.93333333,,,
106,Fortuna,119,8.75,-82.18333,reservoir,6.97,1,1.169963078,seasonal,seasonal,,measured,,0,,0,,,0,,0,,,0,,0,0.007,1,0.007,,,,
314,Yaguarcocha,120,0.373842,-78.09935,lake,2.32,5,1.038301373,single,single,direct,modelled,11.34360902,1,-3.882928442,1,-3.882928442,0.212,1,0.124795269,1,0.124795269,,0,,0,-0.002282322,1,-0.002282322,,,,
314,Cuicocha,121,0.302055,-78.35376,lake,3.69,5,1.264704287,single,single,direct,modelled,509.5835381,1,342.9820573,1,342.9820573,226,1,0.140130793,1,0.140130793,,0,,0,-0.00195839,1,-0.00195839,,,,
314,San Pablo,122,0.206983,-78.21679,lake,5.98,5,1.201919047,single,single,direct,modelled,22.89148204,1,26.23482069,1,26.23482069,24.6385,1,1.249436495,1,1.249436495,,0,,0,-0.001400819,1,-0.001400819,,,,
314,Mojanda,123,0.1349,-78.26917,lake,2.87,5,1.412691594,single,single,direct,modelled,36.89075674,1,13.26223273,1,13.26223273,0.5812,1,0.404029358,1,0.404029358,,0,,0,-0.000235074,1,-0.000235074,,,,
127,Extremoz,124,-5.72,-35.2856,reservoir,3.03,2,1.282662156,monthly,monthly,indirect,undefined,144.6189791,13,,0,155.1847145,,0,,0,,,0,,0,,0,,,,,
127,Bonfim,125,-6.0344,-35.2139,reservoir,7.11,2,1.309492011,monthly,monthly,indirect,undefined,372.7458201,13,,0,442.2170559,,0,,0,,,0,,0,,0,,,,,
127,Gargalheiras,126,-6.4031,-36.5958,reservoir,2.99,3,1.037759778,monthly,monthly,indirect,undefined,34.49624299,14,,0,16.99080862,,0,,0,,,0,,0,,0,,,,,
75,Pampulha reservoir,127,-19.8525,-43.978333,reservoir,1.48,2,0.83519512,seasonal,seasonal,,measured,,0,,0,,,0,2.783665835,2,2.783665835,34.1521197,2,,0,,0,,22.35,,,
143; 144; 190,Chapu d'Uvas Reservoir,128,-21.55087085,-43.5736739,reservoir,4.3,4,0.944463883,daily,daily,direct,measured,20.33260478,4,6.15,4,6.15,0.016673687,4,1.925,4,1.925,28.28398293,37,,0,,0,,24.19171429,5.04,,
162,Lake Imboassica,129,-22.408254,-41.827176,lake,2.19,2,1.326128816,monthly,monthly,indirect,undefined,41.85473657,120,,0,30.98230565,,0,,0,,,0,,0,,0,,,,,
159; 326,Passauna (P1); Passauna (P2); Passauna (P3); Passauna (P4); Passana reservoir,130,-25.50680557,-49.38025871,reservoir,6.71,5,0.978644972,daily,annual,,measured,,0,,0,,,0,,0,,1.730495191,7,,0,,0,,20.33333333,2,,
243,Peri Lake,131,-27.733,-48.5167,lake,4.93,4,1.42880397,monthly,annual,indirect,modelled,29.51009711,10,12.1584,10,12.1584,,0,,0,,,0,,0,,0,,22.91,7.92,6.993,
1173; 1199,Shanhu; no name,132,32.479,118.7644286,reservoir,2.63,4,1.198212938,monthly,monthly,,measured,,0,52.56705163,28,52.56705163,,0,0.490566386,28,0.490566386,,0,,0,,0,,18.820625,10.11230769,8.28625,
1042; 1173; 1199,Taurus Lake; no name,133,32.47829825,118.9824386,reservoir,8.93,4,1.250314565,monthly,monthly,,measured,,0,8.978845415,57,8.978845415,,0,0.563180243,57,0.563180243,,0,,0,,0,,19.175625,9.703703704,8.140333333,
1031; 1089,Xuanwu Lake-1; Xuanwu Lake-10; Xuanwu Lake-2; Xuanwu Lake-3; Xuanwu Lake-4; Xuanwu Lake-5; Xuanwu Lake-6; Xuanwu Lake-7; Xuanwu Lake-8; Xuanwu Lake-9,134,32.075,118.803,lake,3.2,4,1.203767271,seasonal,seasonal,,measured,,0,89.22323133,20,89.22323133,,0,3.053325342,25,3.053325342,,0,,0,,0,,,,8.43,
266,Reservoir,135,31.975938,119.199161,reservoir,3.01,4,1.191119966,monthly,annual,direct,modelled,28,1,13,1,13,0.116,1,0.1,1,0.1,,0,,0,,0,,19.6,9.59,,
1191,Yulongla Tso,136,31.854,99.1136,lake,2.2,5,1.151453974,single,single,,undefined,,0,,0,,0.0418,1,,0,0.042168526,,0,,0,,0,,,,,
1085,Shahe,137,31.31139,119.439293,reservoir,9.05,4,1.235671675,seasonal,annual,indirect,undefined,93.17045734,1,,0,89.10628643,,0,,0,,,0,,0,,0,,,,7.5,
1178,Tianfumiao,138,31.213,111.37,reservoir,2.66,4,1.012848793,seasonal,seasonal,direct,modelled,25.919,4,8.607110149,4,8.607110149,0.14425,4,0.065469986,4,0.065469986,,0,,0,,0,,21.05,,,
1178; 1216,Xibeikou,139,31.057,111.336,reservoir,6.58,4,1.053172395,seasonal,seasonal,direct,modelled,18.56,4,-3.901423695,4,-3.901423695,0.1278,5,0.03780035,4,0.03780035,,0,,0,,0,,21.9,,,
1141,Nantaizi Lake,140,30.49,114.19,lake,2.78,4,1.068724473,single,single,,measured,,0,12.43353783,1,12.43353783,,0,299.2518703,1,299.2518703,,0,,0,,0,,29.3,,8.8,
1191,Cuoniba,141,30.328,99.561,lake,1.19,5,1.338929731,single,single,,undefined,,0,,0,,0.0891,1,,0,0.108486095,,0,,0,,0,,,,,
1141,Ce Lake,142,30.25,115.16,lake,8.65,4,1.135363705,single,single,,measured,,0,-8.289025222,1,-8.289025222,,0,1.735660848,1,1.735660848,,0,,0,,0,,30.4,,9.1,
1110; 1131; 1150,Wanfeng,143,29.947,105.041,reservoir,4.86,4,0.842954177,seasonal,seasonal,indirect,modelled,72.43919301,13,51.99599335,13,51.99599335,,0,,0,,,0,,0,,0,,25.93,,8,
1132,Shangyou,144,29.788,105.627,lake,2.8,4,0.85427638,single,single,indirect,modelled,5.799910025,1,-5.3,1,-5.3,,0,,0,,,0,,0,,0,,33.3,7.98,8.89,
1132,Hualong,145,29.77,105.764,lake,1.05,4,0.816297399,single,single,indirect,modelled,4.037095624,1,-6.8,1,-6.8,,0,,0,,,0,,0,,0,,35.2,7.94,8.98,
1132,Yutan,146,29.562,105.7,lake,1.18,4,0.815366131,single,single,indirect,modelled,2.977767741,1,-6.5,1,-6.5,,0,,0,,,0,,0,,0,,32,6.15,8.24,
1191,Xingyicuo Lake,148,29.402,100.09638,lake,3.22,5,1.438415047,single,single,,undefined,,0,,0,,0.24,1,,0,0.320307249,,0,,0,,0,,,,,
1211,Yankou,149,29.299741,119.913956,reservoir,3.54,4,1.118692243,monthly,monthly,direct,modelled,101.4126693,10,52.72666722,10,52.72666722,,0,,0,,,0,,0,,0,,26.42,8.613,8.363,
1207,Huangtankou,150,28.797345,118.869172,reservoir,7.47,4,1.141201746,single,single,indirect,modelled,669.6285033,1,335.2,1,335.2,,0,,0,,,0,,0,,0,,17.5,,6.1,
1191,Horse Lake,151,28.411,103.789,lake,9.19,4,0.932779503,single,single,,undefined,,0,,0,,0.0918,1,,0,0.077942207,,0,,0,,0,,,,,
1191,Shudu Lake,152,27.90987,99.9487,lake,1.68,5,1.227152963,single,single,,undefined,,0,,0,,0.204,1,,0,0.231791973,,0,,0,,0,,,,,
1191,Wenhai Lake,153,26.98,100.172,lake,1.41,5,1.095751009,single,single,,undefined,,0,,0,,0.755,1,,0,0.773745859,,0,,0,,0,,,,,
1091,Baiyunshan,154,26.806,115.322,reservoir,1.28,4,1.00297866,single,single,,modelled,,0,0.683583908,1,0.683583908,,0,0.012185799,1,0.012185799,,0,,0,,0,,32.4,,8.5,
1129; 180,"Aha; Aha Lake, China",155,26.54122633,106.6479977,reservoir,3.07,4,0.971611541,seasonal,seasonal,indirect,modelled,112.7829697,18,712.4948797,15,712.4948797,,0,,0,,,0,,0,,0,,17.34222222,9.422,7.998,
1191,Pianqiao,156,25.978,103.929,lake,4.65,5,1.165090575,single,single,,undefined,,0,,0,,0.0621,1,,0,0.064870435,,0,,0,,0,,,,,
1191,Huashan,157,25.77376,103.92651,lake,5.75,5,1.160772607,single,single,,undefined,,0,,0,,0.12,1,,0,0.127721692,,0,,0,,0,,,,,
1191,Hunshuihai,158,25.547,100.611,lake,1.56,5,0.97033392,single,single,,undefined,,0,,0,,0.0816,1,,0,0.071789108,,0,,0,,0,,,,,
1000,Dahanxi Lake,159,24.928,121.331,lake,1.22,4,1.220336651,single,single,,modelled,,0,,0,,,0,0.007992673,1,0.007992673,,0,,0,,0,,,,,
1062; 115,Fei-Tsui reservoir; Feicui,160,24.9099115,121.5815615,reservoir,7.61,4,1.305647694,fortnightly,fortnightly,,modelled,,0,,0,,0.036655612,56,0.022701672,56,0.022701672,,0,,0,,0,,24.42857143,4.148571429,,
1000,Shihmen Lake,161,24.8106,121.2442,lake,5.55,4,1.308091775,single,single,,modelled,,0,,0,,,0,1.03904754,1,1.03904754,,0,,0,,0,,,,,
1191,Wulanghaizi,162,24.643,103.921,lake,1.19,5,1.074596132,single,single,,undefined,,0,,0,,0.0618,1,,0,0.059529214,,0,,0,,0,,,,,
1191,Baishuitang,163,24.594,103.819,lake,2.88,5,1.09998111,single,single,,undefined,,0,,0,,0.102,1,,0,0.102445928,,0,,0,,0,,,,,
1191,Taiping,164,24.435,103.541,lake,7.6,4,1.0710686,single,single,,undefined,,0,,0,,0.122,1,,0,0.119862329,,0,,0,,0,,,,,
1191,Hongqi,165,24.134,103.987,lake,2.89,4,1.054294958,single,single,,undefined,,0,,0,,0.265,1,,0,0.259513903,,0,,0,,0,,,,,
1000,Wushe Lake,166,23.98623,121.135291,lake,2.54,5,1.236428262,single,single,,modelled,,0,,0,,,0,0.003996337,1,0.003996337,,0,,0,,0,,,,,
1000,Sun Moon Lake,167,23.8667,120.9167,lake,7.01,4,1.165191771,single,single,,modelled,,0,,0,,,0,0.01198901,1,0.01198901,,0,,0,,0,,,,,
1000,Renyi Lake,168,23.461,120.5023,lake,1.88,4,1.08932655,single,single,,modelled,,0,,0,,,0,0.03596703,1,0.03596703,,0,,0,,0,,,,,
278,Lianhe Reservoir,169,23.288966,113.912979,reservoir,2.44,4,0.998311395,seasonal,seasonal,,modelled,,0,-2.925,2,-2.925,,0,0.0045,2,0.0045,,0,,0,0.00315,2,0.00315,,8.165,8.2,42.25
1000,Wutoushan Lake,170,23.2022,120.3683,lake,5.59,4,1.223417858,single,single,,modelled,,0,,0,,,0,0.105902922,1,0.105902922,,0,,0,,0,,,,,
1179,South Lake,171,22.81,108.35,lake,1.16,4,1.746522103,weekly,weekly,,measured,,0,,0,,,0,1.42598005,10,1.42598005,,0,,0,,0,,,,,
1000,Longluan Lake,173,21.9779,120.7435,lake,1.02,1,1.359160401,single,single,,modelled,,0,,0,,,0,0.259761885,1,0.259761885,,0,,0,,0,,,,,
59,Nam Leuk Reservoir,174,18.45,102.95,reservoir,9.23,2,0.911927529,seasonal,seasonal,direct,measured,88,1,-0.566666667,3,-0.566666667,0.8,1,4.9,3,4.9,,0,,0,,0,,28,7.666666667,6.066666667,20
196,Bellandur Lake-BL1; Bellandur Lake-BL4; Bellandur Lake-BL6; Bellandur Lake-BLN1; Bellandur Lake-BLN2,175,12.9356,77.6722,reservoir,1.82,2,1.019500466,seasonal,seasonal,direct,undefined,570.3105487,12,,0,535.627986,333.0280576,13,,0,318.7212055,,0,,0,,0,,,,,
230,Kolavai Lake,176,12.70062,79.99527,lake,6.13,2,1.134526669,single,single,,measured,,0,8.83,1,8.83,2.51,1,1.4,1,1.4,,0,,0,,0,,23.5,,8.53,
230,Madhurandhagam Lake,177,12.53203,79.88517,lake,6.29,2,1.140678438,single,single,,measured,,0,1.82,1,1.82,1.72,1,2.3,1,2.3,,0,,0,,0,,26.4,,8.66,
230,Palar-Porunthalar Dam,178,10.38188,77.48873,reservoir,4.76,3,1.017174179,single,single,,measured,,0,3,1,3,0.28,1,0.06,1,0.06,,0,,0,,0,,29.6,,8.73,
230,Manimuthar Dam,179,8.64553,77.42357,reservoir,7.75,2,1.062291175,single,single,,measured,,0,-14.13,1,-14.13,0.01,1,0.01,1,0.01,,0,,0,,0,,33,,8.52,
70,Vellayani lake,180,8.433776,76.991665,lake,2.01,2,1.304021625,seasonal,seasonal,,measured,,0,,0,,0.278866667,30,7.391890767,30,7.391890767,,0,,0,,0,,22.5,,,
292,Yandja,181,0.714,24.281,lake,1.45,1,0.775964287,seasonal,annual,direct,modelled,26.67633052,1,,0,17.43155516,0.0971,1,0.810995065,1,0.810995065,,0,0.0011,1,-0.00013467,1,-0.00013467,34.9,,,
169; 292,Kyamwinga,182,-0.18425,30.14565,lake,3,2,1.06518077,seasonal,annual,direct,modelled,6.837146817,1,-5.5,1,-5.5,0.696,2,0.518866504,1,0.518866504,,0,0.0052,1,-0.001273831,1,-0.001273831,25.5,,,
169; 292,Nyamusingere,183,-0.2862,30.0338,lake,4.01,2,1.054235889,seasonal,annual,direct,modelled,7.902479389,1,-4.5,1,-4.5,0.4475,2,0.442990365,1,0.442990365,,0,0.0044,1,-0.001782761,1,-0.001782761,26.2,,,
292,Mbita,184,-1.215,29.014,lake,2.45,2,0.991863493,seasonal,annual,direct,modelled,9.370138405,1,,0,-6.209816518,0.0992,1,0.138457868,1,0.138457868,,0,0.0019,1,-4.23E-05,1,-4.23E-05,22.1,,,
292,Mbalukira,185,-1.226,29.025,lake,1.26,2,0.954033509,seasonal,annual,direct,modelled,14.29349637,1,,0,-1.474181358,0.224,1,0.201441301,1,0.201441301,,0,0.0019,1,0.00671049,1,0.00671049,21,,,
292,Lukulu,186,-1.261,29.029,lake,2.11,2,0.960209778,seasonal,annual,direct,modelled,80.39303165,1,,0,67.29598496,0.0692,1,1.207672935,1,1.207672935,,0,0.0018,1,-0.001585431,1,-0.001585431,22.8,,,
292,Ndalaga,187,-1.281,29.007,lake,3.59,2,1.001808792,seasonal,annual,direct,modelled,295.4181862,1,,0,294.8714043,0.063,1,4.312793745,1,4.312793745,,0,0.0018,1,-0.001953453,1,-0.001953453,22,,,
173,Lake Baroon,188,-26.709353,152.876136,reservoir,3.26,4,1.328872597,seasonal,seasonal,,measured,,0,,0,,0.284221547,4,0.32949898,4,0.32949898,,0,,0,,0,,23.825,10.1875,7.6,
277,Capitol Lake,189,30.459925,-91.185015,reservoir,0.23,4,1.052997339,fortnightly,fortnightly,direct,modelled,28.94679248,48,1123.65,48,1123.65,,0,,0,,,0,,0,,0,,,,,
314,Negra,190,0.114264,-78.27318,lake,0.15,5,1.21878175,single,single,direct,modelled,105.0564741,1,20.49686536,1,20.49686536,282.685,1,0.396214035,1,0.396214035,,0,,0,-0.000575814,1,-0.000575814,,,,
314,Loreto,191,-0.313984,-78.14614,lake,0.42,5,1.341953852,single,single,direct,modelled,148.1626257,1,111.9631812,1,111.9631812,185,1,0.135325996,1,0.135325996,,0,,0,-0.00148656,1,-0.00148656,,,,
314,Sucus,192,-0.340307,-78.18878,lake,0.29,5,1.36082822,single,single,direct,modelled,22.65644963,1,14.11392,1,14.11392,281.8995,1,0.43867338,1,0.43867338,,0,,0,-0.000263877,1,-0.000263877,,,,
314,Papallacta,193,-0.377752,-78.15959,lake,0.28,5,1.242381291,single,single,direct,modelled,164.6062566,1,118.3198957,1,118.3198957,0.17,1,0.118336157,1,0.118336157,,0,,0,-0.00164,1,-0.00164,,,,
314,Secas,194,-0.452934,-78.32879,lake,0.15,5,1.227003274,seasonal,annual,direct,modelled,42.19054183,1,11.60494312,1,11.60494312,0.6055,1,0.528349181,1,0.528349181,,0,,0,-0.001264173,1,-0.001264173,,,,
127,Cruzeta,195,-6.4014,-36.7922,reservoir,0.49,3,0.946076455,monthly,monthly,indirect,undefined,127.3414905,13,,0,98.93428705,,0,,0,,,0,,0,,0,,,,,
335,ET lake,196,-19.38138889,-56.32591667,lake,0.14,2,0.949264202,monthly,monthly,direct,measured,,0,-3.83,10,-3.83,6.844399198,8,47.62,10,47.62,,0,0.004267803,8,0.0039841,10,0.0039841,26.205,,10.13,2447.5
335,OT lake,197,-19.39002778,-56.32222222,lake,0.22,2,0.971184365,monthly,monthly,direct,measured,,0,81.86,10,81.86,0.127476447,8,0.32,10,0.32,,0,0.008079703,8,-0.0021548,10,-0.0021548,25.95,,9.28,969
207; 242,Carioca; Carioca Lake,198,-19.75702145,-42.61808273,lake,0.12,2,0.732438369,daily,daily,direct,modelled,12.92335585,11,0.317454545,11,0.317454545,,0,,0,,,0,,0,,0,,29.50909091,12.7,6.559090909,35
1173; 1199,; Longchi,199,32.32656743,118.8132767,reservoir,0.34,4,1.071335116,monthly,monthly,,measured,,0,92.94182713,28,92.94182713,,0,3.546577542,28,3.546577542,,0,,0,,0,,,6.8446875,8.04125,
1049,Wulongtan Lake,200,32.04,118.76,lake,0.25,4,1.114591172,single,single,,measured,,0,,0,,,0,12.40862543,1,12.40862543,,0,,0,,0,,25.5,9.8,7.3,
1191,Ang Tso,201,32.006,99.007,lake,0.18,5,1.101774979,single,single,,undefined,,0,,0,,0.0861,1,,0,0.086167905,,0,,0,,0,,,,,
1191,Valentine Lake,202,31.526175,101.696046,lake,0.11,5,1.086566807,single,single,,undefined,,0,,0,,0.0204,1,,0,0.017964098,,0,,0,,0,,,,,
1219,Dalian Lake,203,31.066,120.993,lake,0.23,4,1.119625025,single,single,,modelled,,0,,0,,,0,0.14064,4,0.14064,,0,,0,,0,,,,,
1183,Guanzhuang,204,30.81204,111.433835,reservoir,0.26,4,0.913596601,monthly,monthly,,modelled,,0,35.56739655,1,35.56739655,,0,0.04795604,1,0.04795604,,0,,0,,0,,,,,
1073; 1078,Meiziya; Pond-2; Pond-3; Pond-4; Pond-5,205,30.752297,111.3481934,reservoir,0.21,4,0.908754542,single,single,,measured,,0,,0,,,0,0.124221686,5,0.124221686,,0,,0,,0,,19.5,10.88,8.475,
1221,Xiangyang,206,30.667544,103.586204,reservoir,0.49,4,0.785828261,monthly,monthly,,measured,,0,-58.89601199,12,-58.89601199,,0,1.183415203,12,1.183415203,,0,,0,,0,,,,,
35,Ganges_J2,207,30.5013,77.7975,reservoir,0.37,4,3.834663559,single,single,direct,modelled,8.493372235,1,-28.24594122,1,-28.24594122,0.04,1,-0.171051536,1,-0.171051536,,0,0.00799,1,-0.004782298,1,-0.004782298,21.2,8.5,8.06,123
1132,Shuanghe,208,29.78,106.225,lake,0.13,4,0.771603738,single,single,indirect,modelled,1.859097164,1,-5.1,1,-5.1,,0,,0,,,0,,0,,0,,31.2,8.93,9.32,
1132,Sandan,209,29.727,106.236,lake,0.12,4,0.76944814,single,single,indirect,modelled,1.21639003,1,-6.4,1,-6.4,,0,,0,,,0,,0,,0,,32,12.75,9.6,
1085,Shawan,210,29.664421,106.220702,reservoir,0.44,4,0.799089364,seasonal,annual,indirect,undefined,136.5113576,1,,0,90.5243526,,0,,0,,,0,,0,,0,,,,7.7,
1132,Xianshuitan,211,29.616645,105.571703,lake,0.78,4,0.814216739,single,single,indirect,modelled,3.448182154,1,-7.3,1,-7.3,,0,,0,,,0,,0,,0,,35.4,6.34,9.02,
1191,Beforetime Lake,212,29.369,100.09,lake,0.64,5,1.306712587,single,single,,undefined,,0,,0,,0.163,1,,0,0.196526353,,0,,0,,0,,,,,
126,"Bhalswa Lake, India",213,28.7447,77.17193,lake,0.36,3,0.793787148,seasonal,seasonal,indirect,modelled,34.97535164,2,8.99,2,8.99,,0,,0,,,0,,0,,0,,25.945,2.89,8.555,3271.445
1191,Heqing Caohai Lake,214,26.599,100.184,lake,0.53,5,0.929565461,single,single,,undefined,,0,,0,,1.49,1,,0,1.297774184,,0,,0,,0,,,,,
1064; 1115,Wulixia,215,25.588,110.776,reservoir,0.82,4,0.96032385,seasonal,seasonal,,measured,,0,73.92323703,20,73.92323703,,0,0.371579386,20,0.371579386,,0,,0,,0,,27.2,8.1495,8.2055,
1000,Hou Lake,216,24.8205,121.2499,lake,0.57,4,1.165462519,single,single,,modelled,,0,,0,,,0,0.041961535,1,0.041961535,,0,,0,,0,,,,,
1191,Stone Forest Long Lake,217,24.716541,103.420224,lake,0.55,5,1.000105854,single,single,,undefined,,0,,0,,2.29,1,,0,2.147329479,,0,,0,,0,,,,,
1191,Puzhehei Lake,218,24.15,104.118,lake,0.51,4,0.980857263,single,single,,undefined,,0,,0,,0.256,1,,0,0.233150321,,0,,0,,0,,,,,
1000,Carp Lake,219,23.9288,121.5099,lake,0.86,4,1.467303728,single,single,,modelled,,0,,0,,,0,0.165847973,1,0.165847973,,0,,0,,0,,,,,
1000,Lantan Lake,220,23.4729,120.4794,lake,0.49,4,1.014900127,single,single,,modelled,,0,,0,,,0,0.779285655,1,0.779285655,,0,,0,,0,,,,,
1043,Hutoupi,221,23.028138,120.342227,reservoir,0.12,2,1.015559179,monthly,monthly,,measured,,0,18.82108068,24,18.82108068,,0,3.290317209,24,3.290317209,,0,,0,,0,,,,,
1000; 1048,Chengcing Lake,222,22.664,120.353,lake,0.97,2,1.209200537,monthly,monthly,direct,measured,354.2110208,14,133.1610408,14,133.1610408,11.57029619,14,0.146135909,15,0.146135909,,0,,0,,0,,26.03419746,7.146194927,8.20894526,
167,Pandin Lake; Yambo Lake,223,14.119754,121.368218,lake,0.25,1,0.76907322,monthly,monthly,,undefined,,0,,0,,0.37240157,21,,0,0.340725865,,0,,0,,0,,28.08190476,7.153809524,,185.2415
167,Calibato Lake,224,14.101995,121.377454,lake,0.35,1,0.86962457,monthly,monthly,,undefined,,0,,0,,0.342430732,11,,0,0.349019815,,0,,0,,0,,27.47818182,8.48,,233.9654545
196,Jakkur Lake-JK1; Jakkur Lake-JK3; Jakkur Lake-JK4; Jakkur Lake-JK7; Jakkur Lake-JK9,225,13.0875,77.6108,reservoir,0.35,2,0.963082581,seasonal,seasonal,direct,undefined,257.4029362,12,,0,219.7064583,162.5782427,11,,0,146.9822351,,0,,0,,0,,,,,
176,Markan deya,226,12.907156,78.079995,reservoir,0.8,3,0.997947202,seasonal,annual,,undefined,,0,,0,,1.421,1,,0,1.328602264,,0,0.0146,1,,0,0.013162012,,,,
19,"Lake Thimmapuram, inside stands of water hyacinths; Lake Thimmapuram, open water",227,12.454404,78.223679,lake,0.4,3,0.926658963,daily,single,direct,measured,269.5,2,9.1,2,9.1,0.955,2,0.04235,2,0.04235,0.505,2,,0,,0,,29.1,3.65,7.8,1553
230,Parapalar Dam,228,10.43288,77.68913,reservoir,0.58,2,0.956516622,single,single,,measured,,0,1.37,1,1.37,0.66,1,0.29,1,0.29,,0,,0,,0,,27.5,,8.38,
292,Kitagata,229,-0.064,29.975,lake,0.69,2,0.981517473,seasonal,annual,direct,modelled,23.96355701,1,7.8,1,7.8,13.858,1,11.24823468,1,11.24823468,,0,0.0006,1,-0.004619735,1,-0.004619735,28.6,,,
292,Nyamunuka,230,-0.09,29.987,lake,0.56,2,0.978846498,seasonal,annual,direct,modelled,4.159774444,1,-7.1,1,-7.1,490.749,1,371.3974635,1,371.3974635,,0,0.0006,1,-0.004822327,1,-0.004822327,25.8,,,
169; 292,Katinda,231,-0.2195,30.1065,lake,0.41,2,0.965805127,seasonal,annual,direct,modelled,3.211094168,1,-7.9,1,-7.9,68.5695,2,101.6141501,1,101.6141501,,0,0.0026,1,-0.003370716,1,-0.003370716,24.9,,,
292,Mrambi,232,-0.23,30.106,lake,0.52,2,0.97788065,seasonal,annual,direct,modelled,8.216804271,1,-4.5,1,-4.5,0.494,1,0.369530808,1,0.369530808,,0,0.0047,1,-0.001733795,1,-0.001733795,25.2,,,
292,Kyashanduka,233,-0.29,30.05,lake,0.53,2,0.970616472,seasonal,annual,direct,modelled,0.428704665,1,-9.9,1,-9.9,0.118,1,0.084907839,1,0.084907839,,0,0.0043,1,-0.002082215,1,-0.002082215,24.5,,,
292,Nkugute,234,-0.324,30.099,lake,0.92,2,0.972908436,seasonal,annual,direct,modelled,11.51621739,1,-2.8,1,-2.8,0.229,1,0.162498883,1,0.162498883,,0,0.0049,1,-0.001662451,1,-0.001662451,24.3,,,
96,Lake Sonachi,235,-0.782756,36.261931,lake,0.12,5,0.966974287,single,single,direct,modelled,,0,-4.731773624,1,-4.731773624,151,1,60.72211584,1,60.72211584,,0,,0,,0,,31.7,1.9,,
292,Lac Vert,236,-1.614,29.135,lake,0.18,2,0.902938543,seasonal,annual,direct,modelled,1139.575011,1,,0,1110.460085,0.0567,1,18.11526381,1,18.11526381,,0,0.0017,1,-0.002175216,1,-0.002175216,23.6,,,
154,Palasari Reservoir Drought; Palasari Reservoir Dry; Palasari Reservoir Wet; Palasari Reservoir Wet transition,237,-8.2531,114.5492,reservoir,0.39,1,1.070184191,seasonal,seasonal,direct,modelled,22.56157037,4,7.325,4,7.325,,0,,0,,,0,,0,,0,,31.875,9.695167255,,267.75
237,Gold Creek reservoir d5; Gold Creek reservoir d6; Gold Creek reservoir d7; Gold Creek reservoir d8; Gold Creek reservoir s1; Gold Creek reservoir s2; Gold Creek reservoir s3; Gold Creek reservoir s4,238,-27.459141,152.8775249,reservoir,0.01,4,1.040303962,single,single,,modelled,,0,,0,,,0,48.527125,8,48.527125,,0,,0,0.00111625,8,0.00111625,,,,
173,Little Nerang Dam,239,-28.152689,153.282732,reservoir,0.1,4,1.210772658,seasonal,seasonal,,measured,,0,,0,,0.142608759,3,0.181494547,3,0.181494547,,0,,0,,0,,21,10.35,6.9,
160,Lago dos Bigus pond,240,-32.07367,-52.165375,reservoir,0.02,4,1.163147862,seasonal,seasonal,,undefined,,0,,0,,2.083333333,6,,0,2.280245728,,0,,0,,0,,17.98333333,9.23,7.966666667,185.35
161; 162,Lake Cabinas; Lake Cabinas- control; Lake Cabinas- fish; Lake Cabinas- nutr; Lake Cabinas- nutr + fish,243,-22.294391,-41.69065,lake,0.35,1,1.231672579,weekly,weekly,indirect,undefined,238.8665328,128,,0,259.2907864,,0,,0,,,0,,0,,0,,,,,
40,Nado reservoir,246,-19.832458,-43.960053,reservoir,0.015,2,0.709815096,seasonal,seasonal,,measured,,0,,0,,8.833333333,6,,0,6.474985434,10.93204489,6,,0,,0,,21.9,10.7,,
335,CVO lake,247,-19.39844444,-56.33066667,lake,0.161371,2,0.957326239,monthly,monthly,direct,measured,,0,98.27,10,98.27,5.227797213,8,38.73,10,38.73,,0,0.008266869,8,-0.0006077,10,-0.0006077,27.09,,8.81,626
11; 157,Mirante; Mirante - vegetated,248,-19.385462,-57.049375,lake,0.0115,2,0.843300722,monthly,annual,,measured,,0,,0,,,0,0.601620948,2,0.601620948,5.498753117,2,,0,,0,,25.6,,7.35,
113,Indonesian wetland,250,-6.333333,107.65,reservoir,0.002,1,0.733921299,weekly,annual,,measured,,0,,0,,,0,18.78278245,1,18.78278245,,0,,0,,0,,,,,
224; 330; 39; 72,"Barragem; Belo Monte hydropower complex, Intermediate Reservoir (P16-P18); Belo Monte hydropower complex, Xingu Reservoir (P4-P15), flooded area; GEX16; GEX25; GEX26; GEX28; GEX29; GEX31; GEX33; GEX34; GEX35; GEX43; GEX46; GEX48; GEX5; GEX50; GEX57; GEX59; GEX6; GEX60; GEX61; GEX62; GEX7; GEX8; XA-49; XA-81; Xingu; Xingu 11",251,-3.265674764,-52.09693529,reservoir,424.6857143,1,1.228929679,daily,daily,direct,measured,46.06871383,4,123.9020313,64,123.9020313,0.34030303,66,3.985454545,66,3.985454545,4.95409247,66,,0,,0,,30.27586207,6.18,6.792962963,
314,Humbolt,279,-0.528459,-78.2229,lake,0.002586,5,1.019507016,seasonal,annual,direct,modelled,64.33567202,1,40.37800259,1,40.37800259,9.281033333,1,7.206152902,1,7.206152902,,0,,0,-0.002745983,1,-0.002745983,,,,
314,Santa luca,280,-0.463051,-78.18398,lake,0.039091,5,1.304973168,seasonal,annual,direct,modelled,36.43099958,1,43.02887882,1,43.02887882,1488.3,1,1.291244976,1,1.291244976,,0,,0,-0.001286575,1,-0.001286575,,,,
312,A3,281,-0.28036,-78.15686,lake,0.018,5,1.17253964,seasonal,seasonal,direct,undefined,55.67319264,3,,0,29.2949509,0.383633333,3,,0,0.334878007,,0,0.007903333,3,,0,0.006305399,9.666666667,9.085804504,,63.9
312,A2,282,-0.25785,-78.15979,lake,0.08,5,1.284964349,seasonal,seasonal,direct,undefined,78.23125925,4,,0,53.30264134,0.9883,4,,0,0.942948174,,0,0.0071175,4,,0,0.006107198,9.375,8.765144456,,86.675
312; 314,A1; Salve facha,283,-0.2370898,-78.1544,lake,0.2846764,5,1.257463867,seasonal,seasonal,direct,modelled,85.88384664,5,53.91453818,1,53.91453818,29.19234,5,0.131682801,1,0.131682801,,0,0.00747,4,6.14E-05,1,6.14E-05,10.025,8.029703779,,93.725
314,Yanacocha,285,0.010034,-77.90635,lake,0.095858,5,1.125139849,single,single,direct,modelled,44.2585431,1,20.37898806,1,20.37898806,905,1,0.634881707,1,0.634881707,,0,,0,-0.001585961,1,-0.001585961,,,,
314,Cubilche 2,286,0.23145,-78.13163,lake,0.00545,5,0.965292167,single,single,direct,modelled,478.7609516,1,324.6588864,1,324.6588864,144.954,1,8.429888452,1,8.429888452,,0,,0,-0.001591938,1,-0.001591938,,,,
314,Cubilche 1,287,0.23204,-78.13238,lake,0.002948,5,0.925325862,single,single,direct,modelled,108.3852752,1,67.25968683,1,67.25968683,13.9435,1,9.344685017,1,9.344685017,,0,,0,-0.001272283,1,-0.001272283,,,,
186,Anyiko wetland/ rice paddies control; Anyiko wetland/ rice paddies standard fertilized; Anyiko wetland/ rice paddies under-fetilized,288,0.241546,34.294661,reservoir,0.9,1,1.11721735,seasonal,annual,,measured,,0,114.8648035,3,114.8648035,,0,9.591022444,3,9.591022444,,0,,0,3.45E-05,3,3.45E-05,23.47333333,,,
327,Porce III,339,6.916969,-75.156012,reservoir,4.61,1,0.777757792,seasonal,annual,,measured,,0,10.56666667,3,10.56666667,0.65,3,0.956666667,3,0.956666667,,0,,0,,0,,,,,
213,Hidrosogamoso Reservoir: Sampling station E1 (dam); Hidrosogamoso Reservoir: Sampling station E2 (4.3 km from dam); Hidrosogamoso Reservoir: Sampling station E3 (5.09 km from dam); Hidrosogamoso Reservoir: Sampling station E4 (9.74 km from dam); Hidrosogamoso Reservoir: Sampling station E5 (10.34 km from dam); Hidrosogamoso Reservoir: Sampling station E6 (11.54 km from dam); Hidrosogamoso Reservoir: Sampling station E7 (14.73 km from dam); Hidrosogamoso Reservoir: Sampling station E8 (16.02 km from dam),340,7.069489,-73.369139,reservoir,69.6,1,0.909226107,seasonal,annual,,measured,,0,423.9263804,8,423.9263804,,0,10.30236908,8,10.30236908,6.117518703,8,,0,,0,,,,,
230,NKMK P1,341,8.116171,77.526806,reservoir,0.02,2,0.985432157,single,single,,measured,,0,253.23,1,253.23,76.75,1,20.33,1,20.33,,0,,0,,0,,28,,7.12,0.43
230,NAKK P1,342,8.121173,77.501383,reservoir,0.07,2,1.049412959,single,single,,measured,,0,21.6,1,21.6,25.46,1,1.68,1,1.68,,0,,0,,0,,30.3,,8.46,0.19
230,Parakkai Lake,343,8.145891,77.454491,reservoir,0.9,2,1.20058151,single,single,,measured,,0,45.67,1,45.67,0.48,1,0.396084025,1,0.396084025,,0,,0,,0,,30.6,,8.52,0.46
230,KAMK,344,10.1891,76.37902,reservoir,0.0008,1,0.751788382,single,single,,measured,,0,67.65,1,67.65,0.75,1,0.73,1,0.73,,0,,0,,0,,33,,6.4,0.1
230,TSFP1,345,10.80725,79.13458,reservoir,0.009,2,0.781955936,single,single,,measured,,0,10.51,1,10.51,1.66,1,1.13,1,1.13,,0,,0,,0,,33.5,,8.77,1.37
230,THKP1,346,10.80951,79.138173,reservoir,0.005,2,0.761617805,single,single,,measured,,0,,0,,2.37,1,1.599409638,1,1.599409638,,0,,0,,0,,35,,9,2.03
230,TSFP2,347,10.81418,79.13475,reservoir,0.0006,2,0.679005998,single,single,,measured,,0,51.44,1,51.44,1.45,1,0.22,1,0.22,,0,,0,,0,,31.7,,8.47,1.47
230,CTRT P1,348,10.975234,76.821332,reservoir,0.0003,2,0.641253079,single,single,,measured,,0,-6.39,1,-6.39,0.96,1,0.08,1,0.08,,0,,0,,0,,27,,9.09,2.31
230,CPST P1,349,11.003817,76.935746,reservoir,0.2,2,0.939481156,single,single,,measured,,0,30.19,1,30.19,0.26,1,0.1,1,0.1,,0,,0,,0,,28.3,,8.14,1.75
230,DHKO L1,350,12.12213,77.9124,reservoir,0.05,2,0.914608622,single,single,,measured,,0,-11.85,1,-11.85,0.31,1,0.05,1,0.05,,0,,0,,0,,26.3,,9.15,3.37
230,DHPE P1,351,12.126141,77.900443,reservoir,0.06,2,0.931274852,single,single,,measured,,0,111.63,1,111.63,1.54,1,0.3,1,0.3,,0,,0,,0,,22.8,,7.61,3.04
230,Nemmeli Lake,352,12.66185,80.03023,reservoir,0.13,2,1.01418237,single,single,,measured,,0,-12.23,1,-12.23,0.85,1,0.2,1,0.2,,0,,0,,0,,27.3,,8.76,0.07
230,Puliyalam Lake,353,13.61617,79.995,reservoir,0.16,2,1.039815955,single,single,,measured,,0,-23.35,1,-23.35,0.28,1,0.12,1,0.12,,0,,0,,0,,31.2,,9.27,0.15
230,SUKA P1,354,13.701299,80.025756,reservoir,0.13,2,1.023426738,single,single,,measured,,0,108.19,1,108.19,1.68,1,1.302432865,1,1.302432865,,0,,0,,0,,31.2,,7.68,1.23
230,Pulicat Lake,355,13.73645,80.07686,lake,250,2,1.415338899,single,single,,measured,,0,2.95,1,2.95,0.04,1,0.02,1,0.02,,0,,0,,0,,32.9,,8.05,
181,HSSF; HSSF-inlet; HSSF-middle; HSSF-outlet; VF; vertical subsurface flow (VF),356,13.7383,100.5326,reservoir,1.40E-06,2,0.449375075,weekly,seasonal,,measured,,0,,0,,,0,0.651069853,10,0.651069853,,0,,0,0.015346181,10,0.015346181,,,,
79,PH-RiF,357,14.141,121.265,lake,0.05,1,0.774670219,seasonal,annual,,measured,,0,,0,,,0,2.83073849,1,2.83073849,,0,,0,,0,,,,,
176; 177,"Tillari; Tillari, Maharashtra Reservoir",358,15.75920233,74.09994033,reservoir,14.8,1,1.128646922,seasonal,seasonal,,undefined,,0,,0,,0.102,3,,0,0.105115698,,0,0.01277,1,,0,0.012964758,,,,
177,"Markandeya, Karnataka Reservoir",360,16.008498,74.638933,reservoir,8.05,2,1.078361657,seasonal,seasonal,,undefined,,0,,0,,0.20754,5,,0,0.207270938,,0,,0,,0,,,,,
166,El Chichon Lake,361,17.36,-93.23,lake,0.092166667,1,0.960124855,single,single,,measured,,0,,0,,,0,,0,,,0,,0,,0,,30,,2.3,
107; 81,Nam Theun 2 reservoir; Nam Theun 2 reservoir - RES1; Nam Theun 2 reservoir - RES1-RES8; Nam Theun 2 reservoir - RES3; Nam Theun 2 reservoir - RES7; Nam Theun 2 reservoir - RES8; Nam Theun 2 reservoir - RES9,362,17.83709656,105.0669822,reservoir,328,1,1.07894582,seasonal,seasonal,,measured,,0,,0,,12.22156863,51,13.12928571,14,13.12928571,11.33333333,6,,0,,0,,25.65381818,3.293137255,,
163,Mexico city Chinampas,368,19.3,-99.1,reservoir,22,5,1.150911028,seasonal,annual,,measured,,0,,0,,,0,99.90841728,1,99.90841728,,0,,0,,0,,19.8,,,
163,Mexico city reservoirs (Tacubaya),369,19.394414,-99.214117,reservoir,0.01,5,0.836980256,seasonal,annual,,measured,,0,,0,,,0,3779.868454,1,3779.868454,,0,,0,,0,,19.8,,,
163,Mexico city lakes (Chapultepec),370,19.422227,-99.184953,lake,0.04,5,0.887067633,seasonal,annual,,measured,,0,,0,,,0,41.6285072,1,41.6285072,,0,,0,,0,,19.8,,,
112,Community of Pinoltepec,371,19.445833,-96.755,reservoir,2.00E-05,2,0.547164462,monthly,annual,,measured,,0,,0,,,0,582.7991008,3,582.7991008,,0,,0,,0,,25.2,,,
163,Mexico city pond,372,19.5371,-99.1459,reservoir,0.085,5,0.923577496,seasonal,annual,,measured,,0,,0,,,0,1.665140288,1,1.665140288,,0,,0,,0,,19.8,,,
7,lago de llano,373,19.6582,-99.5071,reservoir,0.06,5,1.060082923,seasonal,seasonal,,measured,,0,-10.46,3,-10.46,,0,1.913333333,3,1.913333333,50,3,,0,,0,,13.46666667,,,
1000,Lanyutian Lake,374,22.021008,121.572611,lake,0.0067,1,1.332173658,single,single,,modelled,,0,,0,,,0,17.68378986,1,17.68378986,,0,,0,,0,,,,,
1000,Nanren Lake,375,22.087307,120.864532,lake,0.124,1,1.335654134,single,single,,modelled,,0,,0,,,0,2.837399051,1,2.837399051,,0,,0,,0,,,,,
304,Pokfulam,376,22.264638,114.137289,reservoir,0.03,4,1.464,seasonal,seasonal,direct,measured,31.9441568,1,17.9,1,17.9,,0,,0,,,0,,0,,0,,,,7.2,
58,East Kolkata Wetlands LTP; East Kolkata Wetlands NTP,377,22.52405,88.24295,lake,0.00425,2,0.709285697,HF,daily,indirect,undefined,31.45201814,24,,0,17.35032905,,0,,0,,,0,,0,,0,,30.20346667,,8.372075,1072.836804
1120,Shiyan,378,22.69,113.907,reservoir,3.9,4,1.292698925,single,single,indirect,modelled,63.27533095,1,26.70718508,1,26.70718508,,0,,0,,,0,,0,,0,,27.54,7.63,8.08,
1000,Yangnv Lake,379,22.803,120.409,lake,0.00055,4,0.769180797,single,single,,modelled,,0,,0,,,0,135.8754475,1,135.8754475,,0,,0,,0,,,,,
1000,Dagui Lake,380,22.868,120.861,lake,0.1187,5,1.014998401,single,single,,modelled,,0,,0,,,0,0.179835151,1,0.179835151,,0,,0,,0,,,,,
1000,Lotus Pond,381,23.1474,120.5039,lake,0.0009,4,0.73280365,single,single,,modelled,,0,,0,,,0,0.679377238,1,0.679377238,,0,,0,,0,,,,,
1000,Liucai Lake,382,23.748017,121.238752,lake,0.0004,5,1.103529367,single,single,,modelled,,0,,0,,,0,0.899175756,1,0.899175756,,0,,0,,0,,,,,
1000,Qicai Lake,383,23.750188,121.235785,lake,0.022,5,1.575813631,single,single,,modelled,,0,,0,,,0,0.015985347,1,0.015985347,,0,,0,,0,,,,,
1000,Xiluo Lake,384,23.805252,120.456892,lake,0.0006,4,0.743783838,single,single,,modelled,,0,,0,,,0,2.13804013,1,2.13804013,,0,,0,,0,,,,,
1000,Donghua Lake,385,23.899357,121.539796,lake,0.0065,4,1.025483035,single,single,,modelled,,0,,0,,,0,0.119890101,1,0.119890101,,0,,0,,0,,,,,
1000,Lishantian Lake,386,24.220526,121.237547,lake,0.0004,5,0.975625415,single,single,,modelled,,0,,0,,,0,0.161851636,1,0.161851636,,0,,0,,0,,,,,
1000,Xueshantian Lake,387,24.28279,121.027395,lake,0.0025,5,1.188857399,single,single,,modelled,,0,,0,,,0,0.005994505,1,0.005994505,,0,,0,,0,,,,,
1000; 1032,Liyutan; Liyutan Lake,388,24.348984,120.81666,reservoir,4.473,4,1.355905301,seasonal,seasonal,,measured,,0,-39.73246746,9,-39.73246746,,0,0.360069936,10,0.360069936,,0,,0,,0,,30.27777778,,,
1000,Chia-Lo Lake,390,24.474028,121.478766,lake,0.0037,5,1.263163958,single,single,,modelled,,0,,0,,,0,0.02397802,1,0.02397802,,0,,0,,0,,,,,
1000,Weidan Lake,391,24.4763,121.478728,lake,0.00075,5,1.096041461,single,single,,modelled,,0,,0,,,0,0.299725252,1,0.299725252,,0,,0,,0,,,,,
1000,Retreat Lake,392,24.477057,121.477044,lake,0.003,5,1.235514679,single,single,,modelled,,0,,0,,,0,2.397802015,1,2.397802015,,0,,0,,0,,,,,
1000,Haomai Lake,393,24.4784,121.4794,lake,0.0003,5,1.003854679,single,single,,modelled,,0,,0,,,0,0.067937724,1,0.067937724,,0,,0,,0,,,,,
1000; 1143; 1209,Cueifong Lake; Cuifeng Lake,394,24.515,121.607,lake,0.25,5,1.713824788,monthly,monthly,,modelled,,0,-72.90948961,64,-72.90948961,,0,0.147864458,1,0.147864458,,0,,0,,0,,,,,
1143; 125,Yuan Yang Lake (YYL); Yuanyang Lake,395,24.576747,121.40236,lake,0.021724152,5,0.839021604,monthly,monthly,indirect,modelled,189.8805579,23,102.0497143,35,102.0497143,,0,,0,,,0,,0,,0,,,,,
1166; 1209,Yuanyang Lake,396,24.576788,121.402238,lake,0.036,5,,monthly,monthly,indirect,modelled,27.81581146,4,12.39294088,31,12.39294088,,0,,0,,,0,,0,,0,,15.735,,6.045,
1032,2nd Baoshan-1; 2nd Baoshan-2; 2nd Baoshan-3,397,24.72071,121.04543,reservoir,1.93,4,1.359252426,seasonal,seasonal,,measured,,0,-24.44203924,9,-24.44203924,,0,0.36855105,9,0.36855105,,0,,0,,0,,29.55555556,,,
1000,Baoshan Lake,398,24.748185,121.043408,lake,1.93,4,,single,single,,modelled,,0,,0,,,0,2.617600533,1,2.617600533,,0,,0,,0,,,,,
1000,Green grass Lake,399,24.774725,120.970534,lake,0.163,4,1.226643541,single,single,,modelled,,0,,0,,,0,0.45957872,1,0.45957872,,0,,0,,0,,,,,
1000,Li Lake,400,24.801827,120.978363,lake,0.01,4,0.998741943,single,single,,modelled,,0,,0,,,0,0.169844309,1,0.169844309,,0,,0,,0,,,,,
1000,Jincheng Lake,401,24.8106,120.9105,lake,0.09,4,1.264177414,single,single,,modelled,,0,,0,,,0,0.065939555,1,0.065939555,,0,,0,,0,,,,,
1191,Moon Lake,402,24.821977,103.32389,lake,3,5,1.037896658,single,single,,undefined,,0,,0,,0.254,1,,0,0.244759983,,0,,0,,0,,,,,
1000,Ci Lake,403,24.8404,121.2987,lake,0.046,4,1.059978289,single,single,,modelled,,0,,0,,,0,0.051952377,1,0.051952377,,0,,0,,0,,,,,
1000,Longtan Lake,404,24.862794,121.209636,lake,0.18,4,1.099676162,single,single,,modelled,,0,,0,,,0,0.759303971,1,0.759303971,,0,,0,,0,,,,,
1000,Angtian Lake,405,24.872547,121.200025,lake,0.004,4,0.900794202,single,single,,modelled,,0,,0,,,0,0.399633669,1,0.399633669,,0,,0,,0,,,,,
1109; 1111,Longtan,406,25.041682,106.956024,reservoir,85,4,1.000238253,seasonal,seasonal,indirect,modelled,56.53252086,58,32.64827586,58,32.64827586,,0,,0,,,0,,0,,0,,26.08965517,,7.872931034,
1064,Si'anjiang,407,25.237547,110.613197,reservoir,1.72,4,0.976328794,single,single,,measured,,0,-89.4979602,1,-89.4979602,,0,0.599450504,1,0.599450504,,0,,0,,0,,29.3,8.72,8.63,
286,Wenwusha Reservoir,408,25.8752,119.5857,reservoir,5.2,4,1.609493968,seasonal,seasonal,direct,modelled,38.49675,12,2.56675,12,2.56675,,0,,0,,,0,,0,,0,,,,,
1107,Guangzhao,409,26.037,105.223,reservoir,51.54,4,0.950811445,single,single,indirect,undefined,46.99642469,6,,0,37.60529653,,0,,0,,,0,,0,,0,,26.73666667,,8.006666667,
1092,Longkaikou,410,26.535036,100.412963,reservoir,15.05,4,0.911608929,seasonal,seasonal,,measured,,0,27.55819665,40,27.55819665,,0,,0,,,0,,0,,0,,20.3821875,7.8796875,7.7509375,
1191,CuihuLongtan,411,26.7414,100.69278,reservoir,0.15,4,0.847938746,single,single,,undefined,,0,,0,,1.8,1,,0,1.430573163,,0,,0,,0,,,,,
1041; 1100; 1154,Hongjiadu,412,26.874819,105.828509,reservoir,80.5,4,1.044657768,monthly,monthly,indirect,modelled,63.96349935,61,106.5665194,61,106.5665194,,0,,0,,,0,,0,,0,,18.55208333,8.465625,8.035625,
1100; 1154,Suofengying,413,26.968518,106.371787,reservoir,5.7,4,0.97054873,seasonal,seasonal,indirect,modelled,145.6520146,20,271.98,20,271.98,,0,,0,,,0,,0,,0,,17.11,8.5795,7.7295,
1154,Silin,414,27.802068,108.176289,reservoir,38.4,4,0.981102322,seasonal,seasonal,indirect,modelled,212.0531122,16,552.34375,16,552.34375,,0,,0,,,0,,0,,0,,20.44375,9.33125,7.9,
1191,Napahai,415,27.892,99.633,lake,31.25,5,1.2442473,single,single,,undefined,,0,,0,,0.242,1,,0,0.279405897,,0,,0,,0,,,,,
1152,Xiluodu,416,28.264725,103.640799,reservoir,133.65,4,0.909124864,seasonal,seasonal,direct,measured,39.13333333,3,22.93333333,3,22.93333333,0.034666667,3,0.03021,3,0.03021,,0,,0,,0,,19,,,
1185,grass-fed fishing pond,417,28.53,113.362,reservoir,0.003268,4,0.749366539,single,single,,measured,,0,,0,,,0,0.387772396,1,0.387772396,,0,,0,0.009777752,1,0.009777752,,,,
23,"Okhla reservoir, deep water, monsoon 2010; Okhla reservoir, deep water, summer 2011; Okhla reservoir, deep water, winter 2011; Okhla reservoir, shallow water, monsoon 2010; Okhla reservoir, shallow water, summer 2011; Okhla reservoir, shallow water, winter 2011",418,28.552172,77.304821,reservoir,3.28,3,0.866972808,seasonal,seasonal,,measured,,0,,0,,,0,9.569006189,6,9.569006189,,0,,0,,0,,,3.88,7.6,
1185,intensive fishing pond,419,28.558,113.332,reservoir,0.003835,4,0.751282152,single,single,,measured,,0,,0,,,0,0.273721691,1,0.273721691,,0,,0,0.017599953,1,0.017599953,,,,
1185,no fishing pond,420,28.569,113.358,reservoir,0.016409,4,0.810536082,single,single,,measured,,0,,0,,,0,0.410582537,1,0.410582537,,0,,0,0.009777752,1,0.009777752,,,,
1152; 1196,Xiangjiaba,421,28.648046,104.382839,reservoir,95.6,4,0.935786078,seasonal,seasonal,direct,measured,87.07916667,12,59.44071754,12,59.44071754,0.0502,3,0.0409,3,0.0409,,0,,0,,0,,16.695,,,
1191,Yihai Lake,422,28.730565,102.233636,lake,1,5,1.005353237,single,single,,undefined,,0,,0,,0.673,1,,0,0.632524081,,0,,0,,0,,,,,
1152,Xiaoba,423,28.901309,108.722694,reservoir,0.34,4,0.872360227,seasonal,seasonal,direct,measured,30.43333333,3,8.166666667,3,8.166666667,0.112333333,3,0.0709,3,0.0709,,0,,0,,0,,16.63333333,,,
1191,Wuxuhai Lake,424,29.156957,101.402352,lake,1.2,5,1.226201258,single,single,,undefined,,0,,0,,0.121,1,,0,0.136071999,,0,,0,,0,,,,,
254,site1,425,29.253584,106.883036,reservoir,0.04,,0.7663726,seasonal,annual,indirect,modelled,46.00291331,1,21.3,1,21.3,1.47,1,0.23,1,0.23,,0,0.012,1,0.002,1,0.002,,,,
1154,Yinpan,426,29.2721485,107.883017,reservoir,11.4,4,0.946450439,seasonal,seasonal,indirect,modelled,108.1617435,12,243.1583333,12,243.1583333,,0,,0,,,0,,0,,0,,18.43333333,8.716666667,7.808333333,
254,site3,428,29.27873,106.592595,reservoir,0.09,4,0.757157818,seasonal,annual,indirect,modelled,49.70477523,1,24.3,1,24.3,1.07,1,0.18,1,0.18,,0,0.028,1,0.022,1,0.022,,,,
1008,Dongting Lake,429,29.294034,113.035118,lake,2579,4,1.335362029,single,single,,measured,,0,-12.96796183,1,-12.96796183,,0,0.297755611,1,0.297755611,,0,,0,,0,,12.9,,6.2,
1101,Jiangjin,430,29.295,106.254,reservoir,1084,4,1.049189387,seasonal,seasonal,indirect,modelled,32.51746437,2,31.95818455,2,31.95818455,,0,,0,,,0,,0,,0,,20.75,,8.279,
1154,Pengshui,431,29.304825,108.153889,reservoir,15.3,4,,seasonal,seasonal,indirect,modelled,122.2276533,16,268.4625,16,268.4625,,0,,0,,,0,,0,,0,,18.69375,8.51875,7.76875,
254,site7,432,29.339971,106.28266,reservoir,0.06,4,0.753740403,seasonal,annual,indirect,modelled,60.68557914,1,33.2,1,33.2,1.57,1,0.31,1,0.31,,0,0.088,1,0.091,1,0.091,,,,
1141,Dongting Lake,433,29.361,113.041,lake,2579,4,1.32143057,single,single,,measured,,0,-4.526244035,1,-4.526244035,,0,3.680798005,1,3.680798005,,0,,0,,0,,28.2,,8,
254,site8,434,29.404469,106.588816,reservoir,0.05,4,0.750133078,seasonal,annual,indirect,modelled,46.12769518,1,42.4,1,42.4,2.74,1,0.86,1,0.86,,0,0.089,1,0.151,1,0.151,,,,
254,site2,435,29.481104,106.886688,reservoir,0.25,4,0.78921437,seasonal,annual,indirect,modelled,25.49709391,1,7.9,1,7.9,0.91,1,0.21,1,0.21,,0,0.028,1,0.031,1,0.031,,,,
254,site6,436,29.484083,106.753059,reservoir,0.2,4,0.788171228,seasonal,annual,indirect,modelled,45.8365375,1,24.4,1,24.4,1.86,1,0.36,1,0.36,,0,0.026,1,0.046,1,0.046,,,,
254,site15,437,29.513279,106.480259,reservoir,0.18,4,0.825205471,seasonal,annual,indirect,modelled,341.2368,1,232.5,1,232.5,11.52,1,3.87,1,3.87,,0,0.379,1,0.425,1,0.425,,,,
1175,Pond-10,438,29.573339,106.271762,reservoir,0.049,4,0.750942953,single,single,,measured,,0,17.85609174,1,17.85609174,,0,1.414969031,1,1.414969031,,0,,0,,0,,,10.47,7.83,
254,site16,439,29.591596,106.552564,reservoir,0.03,4,0.749529455,seasonal,annual,indirect,modelled,185.13469,1,152.2,1,152.2,12.93,1,4.89,1,4.89,,0,0.328,1,0.663,1,0.663,,,,
1175,Pond-6,440,29.592167,106.32443,reservoir,0.009,4,0.70199432,single,single,,measured,,0,68.02822145,1,68.02822145,,0,1.518050518,1,1.518050518,,0,,0,,0,,,11.39,8.1,
1175,Pond-9,441,29.59241,106.277706,reservoir,0.09,4,0.767724265,single,single,,measured,,0,11.76280958,1,11.76280958,,0,0.493607624,1,0.493607624,,0,,0,,0,,,10.22,7.54,
1175,Pond-4,442,29.59282,106.299003,reservoir,0.079,4,0.764126106,single,single,,measured,,0,25.11131266,1,25.11131266,,0,0.635895903,1,0.635895903,,0,,0,,0,,,9.02,7.98,
1175,Pond-5,443,29.6045,106.296578,reservoir,0.019,4,0.726157554,single,single,,measured,,0,45.90346077,1,45.90346077,,0,1.019804179,1,1.019804179,,0,,0,,0,,,9.21,8.2,
254,site10,444,29.605043,106.72665,reservoir,0.09,4,0.758609612,seasonal,annual,indirect,modelled,93.91914852,1,57.9,1,57.9,4.11,1,0.8,1,0.8,,0,0.104,1,0.254,1,0.254,,,,
1175,Pond-3,445,29.610153,106.310375,reservoir,0.005,4,0.68906555,single,single,,measured,,0,86.15729594,1,86.15729594,,0,1.374385263,1,1.374385263,,0,,0,,0,,,5.47,7.49,
1175,Pond-1,446,29.612112,106.292372,reservoir,0.003,4,0.674872643,single,single,,measured,,0,34.82251752,1,34.82251752,,0,1.252886092,1,1.252886092,,0,,0,,0,,,10.55,8.28,
1175,Pond-7,447,29.612242,106.303166,reservoir,0.028,4,0.736931328,single,single,,measured,,0,41.85618673,1,41.85618673,,0,1.262913645,1,1.262913645,,0,,0,,0,,,7.9,8.13,
1175,Pond-2,448,29.61892,106.314839,reservoir,0.023,4,0.732710918,single,single,,measured,,0,152.4272615,1,152.4272615,,0,5.722092446,1,5.722092446,,0,,0,,0,,,7.15,7.88,
1175,Pond-8,449,29.624656,106.301138,reservoir,0.036,4,0.743913911,single,single,,measured,,0,92.31333031,1,92.31333031,,0,1.576441415,1,1.576441415,,0,,0,,0,,,13.07,8.52,
254,site14,450,29.625308,106.485592,reservoir,0.02,4,0.730029111,seasonal,annual,indirect,modelled,44.92147051,1,21.5,1,21.5,3.38,1,1.31,1,1.31,,0,0.043,1,0.059,1,0.059,,,,
254,site11,451,29.63605,106.6808,reservoir,0.15,4,0.765870399,seasonal,annual,indirect,modelled,93.17045734,1,54.9,1,54.9,3.3,1,0.66,1,0.66,,0,0.036,1,0.04,1,0.04,,,,
254,site13,452,29.659764,106.568697,reservoir,0.13,4,0.78589832,seasonal,annual,indirect,modelled,97.12188299,1,143.7,1,143.7,2.5,1,0.9,1,0.9,,0,0.05,1,0.068,1,0.068,,,,
254,site12,453,29.695721,106.627431,reservoir,0.02,4,0.728805012,seasonal,annual,indirect,modelled,77.15678499,1,48.6,1,48.6,1.76,1,0.3,1,0.3,,0,0.026,1,0.051,1,0.051,,,,
1132,Qinglong,454,29.71,106.166,lake,0.16,4,0.786918853,single,single,indirect,modelled,11.89337813,1,-1.5,1,-1.5,,0,,0,,,0,,0,,0,,29.1,9.7,8.3,
1132,Yuejin,456,29.749205,106.484711,reservoir,0.006,4,0.690934803,single,single,indirect,modelled,8.901959646,1,-8.3,1,-8.3,,0,,0,,,0,,0,,0,,31.1,11.15,8.86,
254,site9,457,29.777177,106.559567,reservoir,0.08,4,0.75709223,seasonal,annual,indirect,modelled,119.0418968,1,75.9,1,75.9,2,1,0.33,1,0.33,,0,0.113,1,0.145,1,0.145,,,,
254,site5,458,29.926305,106.754544,reservoir,4.9,4,0.869347169,seasonal,annual,indirect,modelled,135.3883208,1,86.8,1,86.8,1.79,1,0.36,1,0.36,,0,0.014,1,0.015,1,0.015,,,,
1191,Xiangkengcuo Lake,459,30.02633,101.36599,lake,0.03,5,1.124650585,single,single,,undefined,,0,,0,,0.347,1,,0,0.363403959,,0,,0,,0,,,,,
1191,Zheduo-6,460,30.06314,101.814153,lake,0.048,5,1.132082047,single,single,,undefined,,0,,0,,0.024,1,,0,0.022542436,,0,,0,,0,,,,,
1191,Zheduo-1,461,30.066,101.8282,lake,0.008,5,1.035546185,single,single,,undefined,,0,,0,,0.49,1,,0,0.473623861,,0,,0,,0,,,,,
1191,Zheduo-2,462,30.06787,101.85139,lake,0.007,5,1.10352633,single,single,,undefined,,0,,0,,0.0816,1,,0,0.081643204,,0,,0,,0,,,,,
1191,Zheduo-3,463,30.06875,101.84972,lake,0.016,5,1.164991429,single,single,,undefined,,0,,0,,0.048,1,,0,0.049444779,,0,,0,,0,,,,,
1191,Zheduo-5,464,30.07045,101.83495,lake,0.036,5,1.189785737,single,single,,undefined,,0,,0,,0.531,1,,0,0.58996081,,0,,0,,0,,,,,
1191,Zheduo-4,465,30.07739,101.8393,lake,0.03,5,1.223397722,single,single,,undefined,,0,,0,,0.0912,1,,0,0.101536929,,0,,0,,0,,,,,
1019; 1028; 1029; 1054,Shuibuya,466,30.43863362,110.339425,reservoir,0.713,4,0.938860029,seasonal,seasonal,,measured,,0,86.21075139,88,86.21075139,,0,0.058354486,46,0.058354486,,0,,0,,0,,14.41375,7.680454545,7.90375,
1221,Fish pond,468,30.561344,103.673541,reservoir,0.00133,4,0.634058432,monthly,monthly,,measured,,0,305.6531513,12,305.6531513,,0,35.29830988,12,35.29830988,,0,,0,,0,,,,,
1192,Qinglong Lake,469,30.644428,104.18165,reservoir,0.082,4,0.747185564,monthly,monthly,indirect,modelled,4.157587431,7,-27.42857143,7,-27.42857143,,0,,0,,,0,,0,,0,,25.13428571,,,
1102; 1114; 1119,unnamed pond,470,30.72518,111.315579,reservoir,0.00305,4,0.738198149,seasonal,seasonal,,measured,,0,,0,,,0,0.216482986,7,0.216482986,2.191379236,7,,0,,0,,12.1925,,9.025,
1151,unnamed pond,471,30.725196,111.303122,reservoir,0.012,4,0.791814751,daily,daily,,measured,,0,-3.422418339,36,-3.422418339,,0,,0,,,0,,0,,0,,,,,
1050; 1051,Yezhulin Pond,472,30.741938,111.347267,reservoir,0.0025,4,0.736613812,seasonal,seasonal,direct,measured,134.955,2,60.49654617,3,60.49654617,0.307,2,0.089288153,3,0.089288153,49.40671052,1,,0,,0,,26.8,4.333333333,6.826666667,
1073,Pond-1,473,30.761376,111.333856,reservoir,0.0045,4,0.756281225,single,single,,measured,,0,,0,,,0,0.112192776,1,0.112192776,,0,,0,,0,,18.1,6,,
1191,Dangzi Tso,479,31.073,98.931,lake,0.5,5,1.237492765,single,single,,undefined,,0,,0,,0.0621,1,,0,0.068901676,,0,,0,,0,,,,,
1121,Xiaojiang pond-1; Xiaojiang pond-2,486,31.201785,108.49187,reservoir,0.000401,4,0.619456842,seasonal,seasonal,direct,measured,59.25228141,8,92.66505703,8,92.66505703,0.063147894,8,7.637998501,8,7.637998501,14.534177,8,,0,,0,,24.71,,,
1178,Xuanmiaoguan,488,31.305552,111.335808,reservoir,0.82,4,0.96640009,seasonal,seasonal,direct,modelled,18.288,3,3.916409958,3,3.916409958,0.054333333,3,0.038797769,3,0.038797769,,0,,0,,0,,21.07333333,,,
1141,Huashen Lake,489,31.989028,118.78173,lake,0.056,4,0.993462183,single,single,,measured,,0,4.90797546,1,4.90797546,,0,0.432418953,1,0.432418953,,0,,0,,0,,30.4,,7.8,
1173; 1199,; Central Park,490,32.031342,118.449568,reservoir,0.02,4,0.930984581,monthly,monthly,,measured,,0,129.9820843,27,129.9820843,,0,6.959274986,27,6.959274986,,0,,0,,0,,,9.2154,8.09375,
1173; 1199,; Lvshuiwan Park,491,32.067001,118.679561,reservoir,0.009,4,0.88502804,monthly,monthly,,measured,,0,130.1905352,27,130.1905352,,0,10.8300231,27,10.8300231,,0,,0,,0,,,6.685625,8.076875,
1173; 1199,; Dayan,492,32.13277,118.61634,reservoir,0.065,4,0.991015726,monthly,monthly,,measured,,0,5.437634549,28,5.437634549,,0,0.627147139,28,0.627147139,,0,,0,,0,,19.909375,7.774615385,8.389285714,
1199,,493,32.154172,118.58109,reservoir,0.0085,4,0.882065593,monthly,monthly,,measured,,0,171.4209891,16,171.4209891,,0,18.56238032,16,18.56238032,,0,,0,,0,,,5.3913,7.94375,
1173,Xigenglian,494,32.167273,118.592421,reservoir,0.015,4,0.912917813,monthly,monthly,,measured,,0,229.3352306,11,229.3352306,,0,30.40903414,11,30.40903414,,0,,0,,0,,,,,
1180,Pond,495,32.1874,118.701348,lake,0.015,4,0.908502918,fortnightly,fortnightly,,measured,,0,,0,,,0,0.127512,40,0.127512,,0,,0,,0,,,,,
1042,Dingjie,496,32.2,118.73,reservoir,0.126,4,1.042140726,single,single,,measured,,0,51.17309133,1,51.17309133,,0,3.396886188,1,3.396886188,,0,,0,,0,,,,8.33,
1199,,497,32.258,119.034,reservoir,0.006,4,0.874975641,monthly,monthly,,measured,,0,176.8352968,16,176.8352968,,0,7.033797144,16,7.033797144,,0,,0,,0,,,5.349285714,7.9525,
1173,Chu,498,32.258476,119.034836,reservoir,0.006,4,0.861329359,monthly,monthly,,measured,,0,54.53334443,12,54.53334443,,0,0.488685372,12,0.488685372,,0,,0,,0,,,,,
1173; 1199,; Baiyunwa,499,32.45433271,118.8485291,reservoir,0.059,4,0.992737894,monthly,monthly,,measured,,0,103.2526137,28,103.2526137,,0,7.671773493,28,7.671773493,,0,,0,,0,,,7.818181818,8.045625,
1132,Longshui,500,29.539,105.806,lake,1.68,4,,single,single,indirect,modelled,2.591366988,1,-6.5,1,-6.5,,0,,0,,,0,,0,,0,,29.4,7.67,9.13,
266,Ponds,501,31.988174,119.218732,reservoir,0.015,4,0.917347185,monthly,annual,direct,modelled,94,1,70,1,70,0.346,1,0.4,1,0.4,,0,,0,,0,,19.2,5.78,,
160,Lago Polegar pond,502,-32.077975,-52.168565,reservoir,0.013,4,,seasonal,seasonal,,undefined,,0,,0,,0.833333333,6,,0,,,0,,0,,0,,18.26666667,8.69,7.208333333,56.1